note_id,content
5141982100327035,实际上，现在在韩国各地，尹锡悦粉丝开始针对中国人， 包括但不限于围攻中国记者，高喊“我们韩国人不喜欢中国人”， 围攻中国游客， 穿着美国队长制服闯中国大使馆。。。。  这也能说明尹锡悦的底色。。#尹锡悦将返回总统官邸##尹锡悦被捕52天后获释# #韩国人开始大量买入中国股票# 
5138059914904324,#尹锡悦在弹劾案庭审中发表最终陈述#： 还在梦想恢复总统职权，完成最后任期  今天，尹锡悦在韩国宪法法院弹劾案庭审第十一场公开辩论中发表最终陈述，首先向韩国国民表达了歉意和感激，同时指出，最大在野党叛乱势力煽动国民。紧急戒严，是宣布“亡国危机状况”的举措......。  最大在野党企图控制国 ...全文
5147309511807285,韩国多地进入灾难状态：韩国山火致4名消防员遇难！  韩国至少还救灾，这点就比美国、澳洲和加拿大强。 棒子这两年流年不利啊，多灾多难的感觉，估计是选尹锡悦导致的后果，不管内政，天天搞舔美恨中外交   韩国媒体：韩国山火致4人死亡，多地进入“灾难状态”。韩国行政安全部22日宣布，由于山火肆虐， ...全文
5148361179791878,韩媒：中方已实控苏岩礁！海上“巨型建筑”令韩国瞠目结舌，韩国提出强烈抗议：前所未有耻辱  其实，尹锡悦明目张胆支持台独支持菲律宾的时候就埋下了挨打的种子 
5147678678453761,【twi】要求罢免尹锡悦的奶奶 
5147364131342599,我看到有评论说，金秀贤是帮尹锡悦挡枪！  我的天啊，在尹卡卡面前，金秀贤算哪块小饼干啊？那可是尹卡卡！世界级别的小丑！  至于作品，那更是没有可比性。艺术来源于生活，但是跟生活一比，不值一提！  《来自星星的你》论戏剧性，被尹卡卡的真爱故事甩十八条大街（没有任何说全智贤不好的意思，单纯 ...全文
5148688252666643,韩国科技全面溃败！韩媒悲鸣：半导体之后，韩国还剩什么能对抗中国？ 最近多个韩国媒体和智库纷纷发布文章，表示韩国科技已经被中国超过。作为仅有中国1/20不到人口的韩国，被中国超越是理所当然，韩国回归他们历史位置才是天道。  首先，韩国科技发达神话已经破灭，他们不得不承认从技术自信到全面落 ...全文
5148172041063063,终究还是逃不过青瓦台魔咒，本是唯一安全落地的前总统，现父女双双被调查，只能说青瓦台的魔力真大  盘点历任韩国总统结局： 李承晚，1948-1960，被迫下台。 尹潽善，1960-1962，被关监禁。 朴正熙，1962-1979，被刺身亡。 崔圭夏，1979-1980，被赶下台。 全斗焕，1980-1988 ，被判入狱。  ...全文
5148155444465131,#文在寅父女双双被检方调查# 已经立案了，韩国锦衣卫要他家一网打尽，这次突破口是他前女婿的所谓的航空公司腐败问题，文在寅老婆还另外有一个案子 尹锡悦临死也要拉个垫背的。 
5147122832511692,总算明白了韩国媒体为什么放金秀贤的料跟拉不尽似的，一句话能拆成十句说，一个爆料分五天放。  #曝金秀贤超越N号房新料提示#  不知道你们有没有看过横竖研究所的直播  一半时间都在见缝插针宣传尹锡悦，反对弹劾，以及骂李在明(还有骂老中，拿辉星去世之前去了中国挑事)。  那天直接说如果尹锡悦可以 ...全文
5146271191402823,【#韩女议员呼吁弹劾尹锡悦被砸鸡蛋#】3月20日，韩国最大在野党共同民主党举行记者会呼吁弹劾尹锡悦时，一议员遭鸡蛋袭击。约10名共同民主党院内副代表团议员高喊“立即弹劾尹锡悦”等口号，还要求解散“叛乱余党”，即韩国执政党国民力量党。期间有疑似尹锡悦支持者投掷2枚生鸡蛋，其中1枚砸中议员白 ...全文
5141971938579979,#尹锡悦将返回总统官邸#【现场视频：#尹锡悦走出拘留所#】当地时间3月8日，韩国总统尹锡悦被释放，离开首尔拘留所，前往位于首尔汉南洞的总统官邸。尹锡悦在首尔拘留所附近再次下车向支持者致谢。自2025年1月15日尹锡悦被逮捕至今日上午，已满52天。#尹锡悦被捕52天后获释#网页链接  ...全文
5148160537137470,#文在寅父女双双被检方调查#  真没想到文在寅都难以幸免！这位开创了“韩朝最好关系”的人，都被尹锡悦拉下了水，韩国政坛真的是宇宙第一奇葩。。。 羊又走丢了的微博视频 
5141986152812628,#尹锡悦被释放# 今天下午，韩国总统尹锡悦被释放，离开首尔拘留所，从车上走下来向支持者致敬。#尹锡悦被捕52天后获释# 寰亚SYHP的微博视频 
5148763246823689,不儿，思密达连这都能扯上中国？！ 
5148881537208817,发布了头条文章：《俄指责乌违反停火协议，美国中央情报局局长认为俄乌均无意停火》  俄指责乌违反停火协议，美国中央情报局局长认为俄乌均无意停火 
5148466729190825,#李在明二审无罪#现在就等尹锡悦了，如果尹锡悦被判有罪，李在明就是下一任韩国总统。如果尹锡悦被判无罪，李在明可以接着弹劾尹锡悦。 
5148857518001741,李在明二审无罪，尹卡卡414初审，神奇的偷国，神奇的韩剧。 
5148869663919116,突然发现Yves每次去巡演hg都会发生一些大事 美巡是空难 欧巡是弹劾尹锡悦 拉美巡是山火🤔 
5148869047092070,#李在明二审无罪# 韩国政坛在经历一系列混乱风波之后，终于进入收尾阶段，总统之位的归属，也基本没有了悬念。近期有两个标志性事件值得注意，一个是第一夫人金建希确认被立案调查，另一个则是李在明二审被判无罪。  先说第一件事，随着金建希被调查，也基本宣告了尹锡悦的政治生涯终结。早先由于黑料 ...全文
5148866430109182,发布了文章 《婴儿海外收养创汇，政府漠视人权几十年，这居然发生在发达国家。》 婴儿海外收养创汇，政府漠视人权几十年，这居然发生在发达国家。 
5148822821409325,看IU的捐款记录就能知道韩国这一年发生了什么事件、事故 #海外新鲜事#   2014年 - 为世越号遇难者举行8场小剧场演唱会，捐献全部收入  2019年 -为4月江原道山火受灾的灾民捐款1亿韩元  2020年 (新冠疫情 / 暴雨) -向新冠疫情中的低收入层弱势群体捐赠1亿韩元 -向大韩医生协会捐赠1亿韩元 -向大韩护士协 ...全文
5148846321830688,【韩国国会议长敦促宪院早日裁决尹锡悦弹劾案】韩国国会议长禹元植27日发表谈话，敦促宪法裁判所（宪法法院）早日对总统尹锡悦弹劾案进行宣判。网页链接 #韩国时局##尹锡悦弹劾案# 
5148844682643671,金秀贤  有没有课代表说一下尹锡悦和金秀贤这个事有啥关联 他宣判对这个事有啥影响 
5148835673276846,#李在明二审被判无罪#当地时间今天（3月26日）下午，韩国首尔高等法院对韩国最大在野党共同民主党党首李在明涉嫌违反韩国《公职选举法》案件作出二审裁决，推翻一审判决，判定李在明无罪。2024年11月15日，韩国首尔中央地方法院作出一审判决，李在明违反《公职选举法》罪名成立，对其判处有期徒刑一年 ...全文
5148831486317943,새날真的太左了，李在明敬称李代表，尹大统领平称尹锡悦，李在明二审无罪欢天喜地高呼万岁，听一听还蛮有意思的。 
5148826131238043,李再明二審被判無罪 那麽接下來尹錫悅的彈劾案怎麼判就成了關鍵了 
5148816765883325,李在明被判无罪后表示，尹锡悦政府浪费了这么多精力来证明这些显而易见的事情，这真的很荒谬。如果检方和尹锡悦政府能把为了抓捕李在明而花在伪造证据、捏造案件上的精力，用来防治山火和改善民生，那世界得有多美好啊。此时此刻，韩国山火还在蔓延，有人正在死去，经济已经被毁。我希望检察官们现在能 ...全文
5148811253779620,发布了头条文章：《李在明违选案二审无罪，审案法官有何来历？尹锡悦境况更加困难》  李在明违选案二审无罪，审案法官有何来历？尹锡悦境况更加困难 
5148794639354524,发布了头条文章：《解码韩国宪政危机背后的“弹劾悬案”与生死博弈》 解码韩国宪政危机背后的“弹劾悬案”与生死博弈 
5148767263133578,从菠菜网站数据来看，尹锡悦总统前景非常的不妙啊。前面也说过前面的数据仅仅是表明其弹劾案4月前不会发布，并不代表他就能复职。从目前5月、6月的概率来看，被弹劾依然是极大概率事件。只是什么时候公布存在悬念。 
5148790585295777,【#李在明案法庭援引无罪原则，尹锡悦亦因同一逻辑获释#】网页链接 共同民主党党首李在明在涉嫌违反公职选举法案的2审中被判无罪。距离去年11月15日1审被判处剥夺10年选举权、1年有期徒刑、缓期2年执行已过去131天，至此他迎来了“重生”。#李在明##重生#提前大选# 
5148788400063163,3月26日 韩国尹锡悦被弹劾，李在明二审改判无罪 美国·美国 洛杉矶 
5148785357357501,#李在明二审无罪#【二审无罪！李在明暂过关，恐还不能高枕无忧】在韩国总统尹锡悦弹劾案结果尚未公布前，他的最大竞争对手、最大在野党共同民主党党首李在明先迎来“生死关”的考验。  据央视新闻报道，当地时间3月26日，韩国首尔高等法院对最大在野党共同民主党党首李在明涉嫌违反《公职选举法》一案 ...全文
5148782879311229,#李在明二审无罪#判决已作废，李在明离开法庭，临走前送出12个字，尹锡悦金建希走向末路#李在明##尹锡悦弹劾案# 种花知兴衰的微博视频 
5148762940641187,我之前还笑话尹锡悦戒严计划在麦当劳还是肯德基里面开会来着...
5148758033044530,李在明被判无罪后，前往避难所跪地慰问山火灾民，有人高喊“尹锡悦在干嘛”！来源.环球网 环际军事的微博视频 
5148667322303005,上诉法院宣告李在明无罪，为他参选铺平了道路 首尔高等法院，周三，裁定：主要反对党领袖李在明违反选举法罪名不成立。 推翻了下级法院的判决，为其竞选总统扫清了一个障碍。 案情：10亿美元房地产开发丑闻——李在明在担任城南市市长期间，涉及的一个土地开发项目。这个案子引发了对他的一系列审判， ...全文
5148751933735336,发布了文章《搞钱、爆金币与青瓦台魔咒：后尹锡悦时代的韩国权力格局解析 》 阅读全文 网页链接  在韩国这个总统高风险职业国度，搞不好经济，就意味着走向清算。 本篇重磅政局分析文章从“青瓦台魔咒”切入，深度拆解历任总统为何几乎无一善终，从李明博的“搞钱政治”，到尹锡悦的外交失 ...全文
5148747748611442,我真要报警了。 
5148745378039065,#尹锡悦#李在明二审推翻一审，终被判无罪，韩国最大在野党党首… 网页链接 
5148741054237546,李在明二审被判无罪，尹锡悦的香槟喝早了 - 作者：毛开云，网页链接 （想看更多？下载 @知乎 App：知乎 ） 
5148730684867565,韩国，其半导体出口40%依赖中国市场，现代汽车在华销量却因创新不足和中国老百姓厌恶尹锡悦因素暴跌80%以上，现在份额不到1%；同样的，三星手机份额从20%跌至不足1%。首尔经济研究所警告：&quot;若失去中国，韩国半导体和汽车产业将失去技术升级的资金来源，沦为代工厂。&quot; 
5148729776019350,【RT专家解读：#韩国政局持续动荡#】韩国反对派正对政府施加巨大压力，力求宪法法院最终确认国会对尹锡悦的弹劾决议。在法院作出裁决之前，国家政权仍处于悬而未决的状态。同时，反对派不断发起新的弹劾案和不信任投票，试图进一步削弱政府的运作能力。  那么，目前究竟是谁在掌控韩国局势？俄罗斯知名 ...全文
5148458853598336,首尔高等法院被李在明搞定了，前面抓尹锡悦就是它下的令，现在推翻一审判李在明无罪又是它。随着川美的各种作，恐怕韩国社会的亲北友X派系，会在韩逐渐占上风了。
5148606840702673,#罗爷睿评##v光计划##v评智库# 据韩联社报道称，韩国首尔高等法院26日对最大在野党共同民主党党首李在明涉嫌违反《公职选举法》案作出二审判决，推翻一审判决结果，李在明被判无罪！ 罗爷说法罗鸿：正义终究是会不缺席的！李在明的无罪判决，就代表着尹锡悦下台进入倒计时！ ...全文
5148592592131302,文在寅父女同时被查，尹锡悦有可能逃出生天，韩国内乱会加剧吗？ 照理说事的微博视频 
5148571158447423,【李在明大反转！尹锡悦等判决！不是冤家不聚头，韩国内斗会怎样？】#专家解析李在明无罪对韩国有何影响# 26日下午，韩国首尔高等法院二审宣判，认定最大在野党党首李在明无罪。政治生命起死回生的李在明何许人也？为何说他和等待判决的总统尹锡悦形成鲜明对比？不是冤家不聚头，韩国内斗又会怎样演变 ...全文
5148565971934100,#李在明二审无罪#  当地时间3月26日下午14点，韩国首尔高等法院对共同民主党党首李在明涉嫌违反《公职选举法》案做出二审宣判，推翻一审一年监禁两年缓刑的判决，判定李在明无罪。   法院在判决书中指出，李在明做出的“在担任京畿道城南市长时期不认识前城南城市开发公社第一处长金文基”等相关发言以 ...全文
5148561525969836,发布了头条文章：《李在明二审无罪，能否“王者归来”？》  李在明二审无罪，能否“王者归来”？ 
5148560824735232,原来不是钢铁膝盖骨啊 
5148556681289093,发布了头条文章：《青瓦台魔咒再现，从朴槿惠到尹锡悦的韩国弹劾困局》 青瓦台魔咒再现，从朴槿惠到尹锡悦的韩国弹劾困局 
5148550721438944,《获释后回到总统官邸，尹锡悦哽咽称“在拘留所学到了很多”》阅读量：16.8万 点赞量：759网页链接 
5148464708324946,宣判了！当地时间3月26日，韩国首尔高等法院对李在明涉嫌违反《公职选举法》案作出二审宣判，判定李在明无罪。就看尹锡悦怎么判了？ 
5148460572477801,快讯：李在明二审改判无罪 #李在明二审无罪#  2024年11月15日，韩国首尔中央地方法院作出一审判决，李在明违反《公职选举法》罪名成立，对其判处有期徒刑一年、缓刑两年。二审以后检方还有机会，可以继续上诉至韩国最高法院大法院，但尹锡悦弹劾案宣判在即，弹劾之后60天就要选总统，所以如果动作不够 ...全文
5148512648171733,#李在明二审被判无罪#当地时间今天（3月26日）下午，韩国首尔高等法院对韩国最大在野党共同民主党党首李在明涉嫌违反韩国《公职选举法》案件作出二审裁决，推翻一审判决，判定李在明无罪。#李在明对二审判决结果表示感谢#宣判后，李在明对这一判决结果表示感谢。李在明身负案件的审理和尹锡悦弹劾案的 ...全文
5148409065635857,韩国这些故事里总有戏剧化的阴谋，真的非常诡异。 其他地方的事情，霸凌也好，性犯罪也好，都是阳谋。 发现金赛纶生前其实在过一种十面埋伏的生活，就像发现尹锡悦完全复刻电视剧里的间谍绑架情节一样，感觉一点也不现实。
5148496990573308,【#李在明可以竞选韩国总统了#】据韩联社报道，当地时间3月26日，韩国首尔高等法院对韩最大在野党共同民主党党首李在明涉嫌违反《公职选举法》案作出二审宣判，推翻一审判决，判定李在明无罪。  路透社指出，这一判决消除了李在明竞选总统的障碍。韩《中央日报》也指出，这对李在明来说是“起死回生” ...全文
5148507128468413,李在明：如果弹劾尹锡悦失败 国家将会灭亡！#热门视频# 君有恙否·的微博视频 
5148506918751484,#韩在野党魁李在明改判无罪 选总统清除重大障碍# 南韩最大在野党共同民主党党魁李在明涉嫌违反《公职选举法》进行上诉，今（26）日二审推翻一审判决，改判无罪，他原本一审被判褫夺被选举权，处1年有期徒刑，如今判决被推翻，等于为他竞选总统扫除重大障碍。 韩联社报导，首尔高等法院今日推翻一审认定 ...全文
5148505699781704,#李在明二审无罪##李在明二审被判无罪#  李在明也是个狠人，被人当众抹过脖子，这哥们儿是一点都不畏惧。第一次竞选总统，在党内初选阶段输给了文在寅，第二次竞选输给了尹锡悦，现在是第三次竞选。韩国的民选总统基本有个特质，就是锲而不舍。 李在明唯一的短板可能就是有个法盲老婆  ...全文
5148487968885601,【要案陆续宣判 #韩国政局变动进度条到哪了#】本周韩国政坛进入“激荡一周”。3月26日，韩国最大在野党党首#李在明二审无罪#，一审的有罪判决被推翻。此前一项民意调查结果显示，李在明被视为下届总统最热门人选。 24日，韩国宪法法院驳回国会对被停职国务总理韩德洙的弹劾诉讼，韩德洙立即恢复国务总 ...全文
5148487457445409,【#李在明涉违反选举法案二审改判无罪#】当地时间3月26日，韩国首尔高等法院对最大在野党共同民主党党首李在明涉嫌违反《公职选举法》一案进行二审宣判，推翻一审判决，判定李在明无罪。二审判决当天，李在明呼吁立即弹劾尹锡悦。他表示，无法理解尹锡悦涉嫌“内乱罪”首次公审为什么要拖到4月14日，全 ...全文
5148481561297183,诗卓卓   当地时间3月26日， 韩国首尔高等法院推翻了一审判决， 判定李在明无罪。  一审判决 去年11月，首尔中央地方法院一审认定李在明说谎，违反《公职选举法》，判处他一年监禁、缓刑两年23。李在明随后提出上诉。  二审判决 在二审中，首尔高等法院认为李在明的相关发言不属于虚假事 ...全文
5148480599491136,“宪法法院若再拖延将引发危机”……尹锡悦弹劾案迟迟未决，市民不安情绪高涨 : 韩民族日报  网页链接 截至25日，总统尹锡悦弹劾案法庭辩论结束已满一个月，然而宪法法院仍未发布任何有关该案宣判日期的公告。尹锡悦弹劾案在国会通过已过去100多天，但仍未得出结论，市民们的不安情绪日益 ...全文
5148477509601737,#李在明二审无罪#李在明逃过一劫，二审被判无罪，过几年可以争取大统领位置了。就此推断，正常情况下，尹锡悦的结果，也可能无罪。这是政治平衡。目前，两排实力不相上下，老百姓也是两派。 
5148477467657295,期待韩国宪法法院不通过尹锡悦弹劾案 北京作家李文豹的微博视频 
5148473876025415,【李在明被改判无罪 离成为总统又近一步】当地时间3月26日，韩国首尔高等法院对韩最大在野党党首李在明涉嫌违反《公职选举法》案作出二审宣判，推翻一审判决，判定李在明无罪。韩国日前民调显示，李在明是下届总统最热门人选。  去年11月15日，首尔中央地方法院对李在明案进行一审宣判，判处其有期徒刑 ...全文
5148473490672652,#李在明二审无罪#在野党的李在明很有些不屈不挠的意思。扳不倒尹锡悦很有可能敲山震虎反被虎震虎，但很显然，他依旧在战斗。 
5148472396747396,#李在明二审无罪# 韩国法院这是把法律当橡皮泥玩呢！李在明这个案子一审说有罪，二审又说没罪，这不是自己打自己脸吗？判案跟闹着玩似的，哪还有什么司法公信力？  更搞笑的是尹锡悦自己。当初被抓的时候闹得满城风雨，结果法院又说“拘留期限有纰漏”&quot;证据不足&quot;，然后就给放了。这不明摆着双标吗？法 ...全文
5148472296341745,在韩国复杂的政治棋局里，李在明二审无罪的消息，如同投入平静湖面的巨石，激起层层涟漪。正如 “与其杀不辜，宁失有罪”，这次审判似在追寻司法公正的本真。   回溯过往，李在明一审因涉嫌违反《公职选举法》被判一年监禁，缓刑两年。此次二审推翻原判，背后反映出韩国司法与政治之间的激烈拉扯。在韩 ...全文
5148466340169054,#李在明二审无罪# 韩国本周有意思啊。  周一审代总统韩悳洙，无罪。  周三审李在明，推翻一审，无罪。  周五审尹锡悦……  要是无罪的话，就能高高兴兴的回去继续当总统了 墟里临风的微博视频 
5148456910588259,李在明安全的消息刚出来 尹锡悦粉丝就在我家门口这边闹起来了 拿着麦克嗷嗷喊 能不能把他们投诉了啊 特别没素质还扰民 
5148226920911581,尹锡悦宣判前，李在明：如果弹劾失败，国家将会灭亡。#韩国局势##半岛局势##拭目以待# 潇洒友A的微博视频 
5148446627203809,【#尹锡悦弹劾宣判或将推迟到4月，宪法法院27日宣判40起普通案件#】 网页链接 尹锡悦总统弹劾审判的宣判日期或将推迟到4月。宪法法院于25日宣布，“将于本月27日上午10点举行案件宣判会”。这是通常每月举行的例行宣判日，本月总共宣判40起案件。继24日周一对韩德洙总理弹劾审判进行宣判之 ...全文
5148438073182583,分享视频 深蓝航迹十月的微博视频 
5148428859870385,韩国如果对申源湜，李昌洋，朴庠禹，李宗昊，权德喆，朴普均，权宁世，金暎浩，赵兑烈，柳仁村，赵明来，韩和真，安德根，朴俊泳，高绮童弹劾成功，尹锡悦才是真的被弹劾不远了。 
5148214517564451,尹锡悦4月前被弹劾成功的胜率只有15%了，大概率是文在寅被调查影响的#文在寅父女双双被检方调查# 
5148408310402495,3月25日看个报，星期二，二月二十六！ 在这里，60秒读懂世界！ 1、“天网2025”行动正式启动； 2、香港民航处：4月7日起，乘客不得把外置充电器放置于行李架上； 3、6.7万张票！国足对阵澳大利亚上座人数或创国内球赛纪录； 4、市监总局：推动婴幼儿配方乳粉生产企业落实食品安全主体责任； 5、香港精 ...全文
5148399931495216,李在明脸上总有一种我最对的骄横，不如文在寅有种文人的儒雅从容，尹锡悦更不用说了，连自我都没有，怎么治理国家，哎，难道朴槿惠要上位了？ 
5148392201912994,【#韩媒推测尹锡悦案何时宣判关键日期#】据韩联社报道，韩国宪法裁判所(宪法法院)何时对总统尹锡悦弹劾案作出裁决，成各方关注焦点。若宪法法院26日不告知宣判日期，该案裁决结果恐难在本周出炉。据法律界消息，宪院法官当天将继续进行评议工作。鉴于宣判筹备工作至少需要两天的时间，若法官们当天得出 ...全文
5148376387554253,朴槿惠弹劾案8比0通过，尹锡悦情况更严重，弹劾案会通过吗？ - 作者：毛开云，网页链接 （想看更多？下载 @知乎 App：知乎 ） 
5148074709877633,【韩总理弹劾案驳回 韩悳洙复职及恢复代理总统职务】在野党方面持保留态度，认为法院此举更多是出于“最小化国政混乱”的策略考虑，可能为应对尹锡悦案而提前设定基调。在野阵营私下也透露，宪法法院内部法官意见分歧显著，对即将展开的总统弹劾案仍存高度不安，强调“绝不能掉以轻心”。 ...全文
5147658902573001,下庭了 证据不太足 以我的感觉推断，尹锡悦是真的有极大概率安全  #海外新鲜事# 
5148364661853343,【尹锡悦弹劾案何时宣判今日或见分晓】#韩国时局#  韩国宪法裁判所（宪法法院）何时对总统尹锡悦弹劾案作出裁决，成各方关注焦点。若宪法法院26日不告知宣判日期，该案裁决结果恐难在本周出炉..网页链接 
5148088227595005,本周还有一件大事，那就是棒子那边的靴子也要落地，韩国宪院对韩德洙弹劾案作出了宣判，没有认同国会方提出的理由，他将立即恢复原职，剩下的压力就给了李在明，李在明的案件将在本周落地，同时尹锡悦的弹劾案也将在随后三天落地，鹿死谁手？结果不同，对我们的影响也是大相径庭！#大盘# 
5148361670262964,发布了头条文章：《韩国政坛风云：尹锡悦弹劾案的台前幕后》 #尹锡悦弹劾案未获通过#  韩国政坛风云：尹锡悦弹劾案的台前幕后 
5148356574710175,韩国最近也真是够乱的，总统尹锡悦的弹劾案搞成了全球笑话，紧接着代总统又被弹劾，好不容易总统出来了，又开始对前总统和女儿进行问询。 感觉还是老问题，党争！ 韩国的历史老问题，总统亡于党争！ 现在又发生了山火，有山火很正常，但是有山火亖人就不正常了。 我看他们再乱个三五年，电子产品和造船 ...全文
5148100091971510,青瓦台，又称“蓝宫”，韩国总统官邸。  此间主人，除文在寅外，无一善终。卢武铉跳崖自杀，朴槿惠等被捕入狱。“青瓦台魔咒”，赫赫有名。  尹锡悦上任后，不肯在青瓦台办公，而是把国防部的大楼设为总统办公室。  但他的结局更差：其他总统好歹是卸任后才被清算，尹锡悦还在台上就被捕，创下了韩国宪 ...全文
5148175057027243,#文在寅父女双双被检方调查#硕果仅存的文在寅，看来也逃不过青瓦台魔咒啊！有人说，这是尹锡悦临死拉个垫背的，我觉得不大可能。自顾不暇的尹锡悦，大体是没这功夫和能力的。那么，是谁不肯放过这个唯一安然退下的韩国总统呢？ 倾听指尖的微博视频 
5148172054432772,#文在寅父女双双被检方调查#。文在寅父女双双被调查，二人被指共同受贿。尹锡悦到死了也要拉个垫背的啊。 尹锡悦：青瓦台魔咒不能就这么破了嘛 陆战铁骑的微博视频 
5148171228939303,#文在寅父女双双被检方调查# 自从1948年，半岛割裂，有南朝鲜以来，南韩共有13任总统，全部没有好下场。  1、李承晚，1960年被迫辞职，流亡夏威夷，客死他乡；  2、尹潽善，只当了7个月总统，被朴正熙发动政变赶下台；  3、朴正熙，被刺杀；  4、崔圭夏，只当了9个月总统，被全斗焕政变推翻；  5、全斗 ...全文
5148165104206579,之前网友说文在寅破了韩国总统必入狱的诅咒  现在看来还是要入狱 #文在寅父女双双被检方调查# 
5148161316487733,【#文在寅父女双双被检方调查#】尹锡悦方面的反扑和挣扎还是挺严重，文在寅是唯一逃脱魔咒全身而退者。 
5148160097262197,这个意图太明显了，就是想通过转移公众焦点，将责任归咎于在野D的方式，试图合理化尹锡悦的戒严令。尹锡悦一方可能急于扩大这件事的影响力...  我在想，这几天外交部是否会召开例行记者会。也很想知道，是否会有记者提出这个问题。  在油管评论区看到，有网友提到，在媒体报道之前，油管上的自媒体已经 ...全文
5148151071116771,#V评智库#【今日热点：山西订婚强奸案二审开庭、美俄利雅得会谈、美军空袭也门计划离谱泄密、#花开时节遇见最美城市#……】3月25日，和学者、评论员、自媒体大V一起关注那些值得关注的事，共同 #广角看世界#。  1、俄乌局势进展 @沈逸 逸语道破：停战会谈俄罗斯节奏好，美国态度好，但乌克兰……  ...全文
5148121040162600,韩外长称韩国被美国列为“敏感国家”与核问题无关…… 但同等级名单中有多个有核国家 : 韩民族日报 网页链接 韩国外交部长官赵兑烈24日就美国能源部将韩国列为敏感国家一事表示，“根据美方说明，韩国被列入‘其他指定国家’名单，属于最低的第三级。(这一等级)与聚焦防扩散和反恐的第1、2 ...全文
5148073814658947,韩国娱乐业比好莱坞更水深火热，彭博社消息：韩国电视制作人期盼中国解除禁令以挽救行业危机，随着电视剧产量暴跌、电影票房崩盘，从业者寄望中国解除对韩流内容的非官方禁令。  制片人宋炳俊曾制作《宫》《模范出租车》等大热韩剧。然而当他试图独立融资并制作两部新剧时，却找不到买家。  过去两年， ...全文
5148705549977139,韩国李在明，改判无罪。 #新闻# 海燕看天下的微博视频 
5148456356415217,#李在明二审无罪#【#李在明二审推翻一审判决#】当地时间26日，韩国首尔高等法院对韩最大在野党党首李在明涉嫌违反《公职选举法》案作出二审宣判，推翻一审判决，判定李在明无罪。韩国首尔中央地方法院去年11月一审认定李在明作为总统竞选人说谎，违反《公职选举法》，判处他一年监禁，缓刑两年。...全文
5148881713103004,【韩媒：#李在明视察山火灾情时遇袭#】#李在明被一男子用外套袭击# 据韩媒报道，韩国最大在野党共同民主党党首李在明27日视察庆尚道山火灾情时，被一名男子用外套袭击。报道称，当时李在明走出避难所，和志愿者打招呼，一名身着黑衣的路人用外衣猛击李在明的上身和脸，随即被安保人员拦下。李在明没有 ...全文
5148488183844715,韩国最大在野党党首 李在明二审被判无罪 走出法院时向支持者鞠躬！  双方各赢一局，上次是执政党的被判无罪。现在棒子有时间内斗 前HR本人的微博视频 
5148584039417502,韩国首尔高等法院今（26）日对最大在野党共同民主党党揆李在明涉嫌违反《公职选举法》一案作出二审宣判，推翻一审“有期徒刑一年、缓刑二年”的有罪判决，改判李在明无罪。此案涉及李在明在京畿道知事任内的言论争议，牵动韩国政坛敏感神经，二审结果不仅为李在明的政治前途带来转机，也可能对执政党与 ...全文
5148458524870006,【韩国最大在野党党首李在明二审被判无罪】韩国首尔高等法院26日对最大在野党共同民主党党首李在明涉嫌违反《公职选举法》案作出二审判决，推翻一审判决结果。#李在明被判无罪#。 
5148476292204440,#李在明二审无罪##李在明二审推翻一审判决#当地时间26日，韩国首尔高等法院对韩最大在野党党首李在明涉嫌违反《公职选举法》案作出二审宣判，推翻一审判决，判定李在明无罪。这是韩国各大政治势力之间的激烈博弈。#热点观点# 
5148456335180194,李在明短期获得自由：二审推翻一审裁定，无罪。 
5148456504266044,#李在明二审被判无罪#当地时间今天（3月26日）下午，韩国首尔高等法院对韩国最大在野党共同民主党党首李在明涉嫌违反韩国《公职选举法》案件作出二审裁决，推翻一审判决，判定李在明无罪。2024年11月15日，韩国首尔中央地方法院作出一审判决，李在明违反《公职选举法》罪名成立，对其判处有期徒刑一年 ...全文
5148911904754845,【#李在明# 视察山火灾区遭一男子挥衣威胁未受伤】韩国最大在野党共同民主党党首李在明27日视察庆尚北道英阳郡山火现场时遭一男子挥舞外套威胁，警卫人员立即将该男子制伏... 网页链接 #李在明视察山火灾情时被袭# 
5148910067128003,李在明，视察庆尚道山火灾情时，被一名男子用外套袭击。 
5148907195335256,【韩媒：#李在明视察山火灾情时遇袭#】#李在明被一男子用外套袭击# 据韩媒报道，韩国最大在野党共同民主党党首李在明27日视察庆尚道山火灾情时，被一名男子用外套袭击。报道称，当时李在明走出避难所，和志愿者打招呼，一名身着黑衣的路人用外衣猛击李在明的上身和脸，随即被安保人员拦下。李在明没有 ...全文
5148905860498829,韩媒：李在明在视察山火灾情时遇袭  据韩媒报道，韩国最大在野党共同民主党党首李在明27日视察庆尚道山火灾情时，被一名男子用外套袭击。 报道称，李在明已连续两天前往遭受大规模山火袭击的庆尚北道地区视察灾情。他26日前往安东市受灾者避难所慰问居民，27日又探访了因山林火灾受损的庆尚北道义城郡 ...全文
5148472340907539,【#李在明二审无罪#称：如果将抓我的劲儿用于预防山火和改善国民生活，那该有多好】#海外新鲜事#  李在明公职选举法案件二审获判无罪，谴责检方和政权捏造证据。  在26日的公职选举法违反案件二审中被判无罪的共同民主党党首李在明在宣判结束后表示：&quot;检方和政权为抓捕我而捏造证据和案件&quot;，&quot;若将这些 ...全文
5148904032045856,#李在明视察山火灾情时遇袭#   现场画面！李在明视察山火灾情时遇袭，路人将外衣猛甩到其身上。（中新网）#念无双##金价# 利刃空天的微博视频 
5148903784582943,韩国检方就李在明违反《公职选举法》二审无罪提出抗诉 韩国检方27日就最大在野党共同民主党党首李在明涉嫌违反《公职选举法》案二审判决无罪向韩国大法院（最高法院）提出了抗诉。韩国检方指出，由于二审判决的违法性重大，实在难以接受，因此迅速向大法院提出了抗诉。首尔高等法院26日对李在明涉嫌违 ...全文
5148899657647294,#李在明遭一男子用外衣甩打#【#李在明视察灾情时遇袭#  遭一男子用外衣甩打】 3月27日，据韩媒报道，韩国最大在野党共同民主党党首李在明当天在视察庆尚道山火灾情时，突然遭一名男子用外衣甩打。李在明闪躲及时，未被击中，男子随后被保镖逮捕。 参考消息的微博视频 
5148898612219639,你也想学川普？装你爹呢直接投入火场把自己烧死吧 
5148896134169910,吴世勋 李在明叔叔你要加油啊，一定要免罪胜选，这样老吴的我爱喵星人就可以重见天日了 
5148895806753446,李在明27日视察庆尚道山火灾情时，被一名男子用外套袭击 UFO启示的微博视频 
5148893311143406,【#韩国检方就李在明二审无罪提出抗诉#】#韩国检方难以接受李在明二审无罪#持续关注 
5148884339786427,【#韩国检方就李在明二审无罪提出抗诉#】#韩国检方难以接受李在明二审无罪#韩国检方27日就最大在野党共同民主党党首李在明涉嫌违反《公职选举法》案二审判决无罪向韩国大法院（最高法院）提出了抗诉。  韩国检方指出，由于二审判决的违法性重大，实在难以接受，因此迅速向大法院提出了抗诉。  首尔高等 ...全文
5148882960647972,韩检方就李在明二审改判无罪向最高法提出抗诉 | 韩联社  网页链接 
5148536934504620,当地时间3月26日韩国首尔高等法院 对韩最大在野党共同民主党党首 李在明 涉嫌违反《公职选举法》案 作出二审宣判推翻一审判决结果判定#李在明无罪##李在明二审无罪# 
5148873267610621,【🔥百度热搜】李在明二审获无罪，三星会长李在榕成关键助力网页链接 
5148852597033491,首尔高等法院推翻韩国最大在野党党首李在明违反《公职选举法》罪成裁决，改判他无罪。这为李在明参加下一届总统选举扫除了关键法律障碍，他的政治前景再度明朗。 共同民主党党首李在明被控在选举期间散布虚假消息，去年一审被判处一年有期徒刑、缓刑两年，并被褫夺十年内参加选举的权利。若维持原判， ...全文
5148830540235921,#李在明二审被判无罪#更新：当地时间今天（3月26日）下午，韩国首尔高等法院对韩国最大在野党共同民主党党首李在明涉嫌违反韩国《公职选举法》案件作出二审裁决，推翻一审判决，判定李在明无罪。#李在明对二审判决结果表示感谢#宣判后，李在明对这一判决结果表示感谢。 2024年11月15日，韩国首尔中央地 ...全文
5148809761653406,这事特别幽默的一点在于，实名明着出来挺男金上了新闻的两个社会人士，一个是李在明的婚外情对象，一个是之前痛骂林英雄的进步派评论人士，我说你们这个阵营什么情况（//@蓂上邪222:左派老登们的麻烦来了，还保着他，人心都没了。你天天喊口号有什么用？要看你做了什么啊。右翼这会真是躺着赢，横竖走...全文
5148803516336141,【韩最大在野党党首李在明二审被判无罪】3月26日，韩国首尔高等法院对李在明涉嫌违反《公职选举法》一案作出二审宣判，判定李在明无罪。#韩国最大在野党党首李在明二审被判无罪# 深圳卫视正午看天下的微博视频 
5148792450974337,韩最大在野党党首李在明违反选举法案二审获判无罪……参加大选前景明朗 : 韩民族日报  网页链接 韩国共同民主党党首李在明因在上一届大选期间被指散布虚假信息(违反《公职选举法》)而遭起诉，一审法庭判处其1年有期徒刑缓期执行，然而在二审中，法庭推翻了一审判决，改判其无罪。若一审判 ...全文
5148437433028501,26日下午，韩国共同民主党党首李在明出席在首尔高等法院举行的涉嫌违反《公职选举法》二审宣判。 李在明 
5148783164525487,二审无罪！李在明暂过关，恐还不能高枕无忧 二审无罪！李在明暂过关，恐还不能高枕无忧 
5148777589507303,【李在明二审改判无罪 为参选总统扫清障碍】首尔高等法院推翻韩国最大在野党党首李在明违反《公职选举法》罪成裁决，改判他无罪。这为李在明参加下一届总统选举扫除了关键法律障碍，他的政治前景再度明朗。网页链接 
5148772669853952,#实时号检测#大家好 
5148768316950577,#李在明二审无罪#【#李在明二审推翻一审判决#】当地时间26日，韩国首尔高等法院对韩最大在野党党首李在明涉嫌违反《公职选举法》案作出二审宣判，推翻一审判决，判定李在明无罪。韩国首尔中央地方法院去年11月一审认定李在明作为总统竞选人说谎，违反《公职选举法》，判处他一年监禁，缓刑两年。...全文
5148761378527015,无罪判决是李在明争取当总统路上的重大胜利。尽管韩国检察厅已表明要上诉，而案件仍存在被最高法院推翻的可能，但按照韩国司法程序，即便最高法院不采纳二审判决，也仅会将案件发回高等法院重审，最终定谳尚需时日。在此期间，李在明仍将保有参加选举的权利，参选总统的资格不会立刻受到影响。尹曦悦听 ...全文
5148759017918400,《阿修罗》虽然难看，但黄政民演的以李在明为原型的市长二审被判无罪和现实中李在明这次事件的走向一模一样，太幽默。 
5148758804533820,【#李在明二审无罪#】26日，首尔最高法院刑事6-2部对涉嫌违反“公职选举法”的民主党代表李在明宣告二审无罪，推翻了有期徒刑1年，缓刑2年的原审判决。虽然该判决仍待最高法院的最终裁定，但对于李在明代表而言，如果提前举行下一届总统选举，他所面临的绝大部分司法风险已解除。 随着二审判决的结果揭 ...全文
5148461226787747,【李在明涉违反选举法案 二审改判无罪】韩国法院星期三（3月26日）对最大在野党共同民主党党魁李在明涉嫌违反《公职选举法》作出二审判决，判定李在明无罪。本案一审于去年11月15日作出判决，判处李在明有期徒刑一年，缓刑两年。网页链接 
5148745688943293,李在明于二审中获得无罪判决，检方仍有权继续提出上诉。 明星观测站的微博视频 
5148741855871424,#星暹分享# 今日星暹日报头版 
5148736221086803,韩国最大在野党党首李在明涉嫌违反《公职选举法》案二审推翻一审判决，判定无罪。 
5148734359076961,#1067喇叭花快报# ▲韩国检方称将针对李在明涉嫌违反《公职选举法》案二审被判无罪上诉。据此前报道，3月26日下午，韩国首尔高等法院对最大在野党共同民主党党首李在明涉嫌违反《公职选举法》一案进行二审宣判。法院推翻一审判决结果，李在明被判无罪。 
5148732509915125,"對，這他媽才是最噁心的點⋯⋯  原文大意是：所有判決都是「判例」，因爲李在明的自動售貨機式判決,其他政治騙子將緊隨其後,被判選舉法無罪⋯⋯當然國民力量議員也一樣。 "
5148455002444939,李在明二轮公审《公职选举法》案中被判无罪！ 安全下车，继续争夺总统！ #海外新鲜事# 
5148726326725063,#李在明二审被判无罪#  韩国最大在野党共同民主党党首李在明因于2023年8月底开始无限期绝食抗议，以抗议尹锡悦政府“破坏民主”等“暴政”行为以及日本排放核污染水。然而，同年9月18日，李在明因涉嫌腐败、渎职等面临多项指控，检方申请拘捕。经历约20多天的绝食后，李在明入院，于2023年10月23日恢复 ...全文
5148722544249671,韩国山火无法控制，党争不择手段，韩国该何去何从？  韩国山火根本控制不住，韩国什么都向美国学习，难道山火控制不住也要向他们学习。  当前韩国还有一件大事就是党争正处于关键时期，各方政治力量研究对方呢，哪有时间管你山火的事情，只要这个火没烧到家门口，肯定没人会在乎的。截止目前大火已经造 ...全文
5148714601284655,#南方早新闻#【广州地铁10号线年内建成通车！这一站点不开通→】 · #广东去年常住人口增量居全国首位# · #广州地铁10号线年内通车# · 汕汕高铁汕头湾海底隧道贯通 · 国台办新设举报专栏已收到举报邮件323封 · 教育部：校外培训机构应接入全国平台 · 广汽集团澄清未收购恒大工厂 ·  ...全文
5148711044253959,【2025年3月27日#韩国主要报纸头条新闻#】《朝鲜日报》东南部史上最严重森林大火逼近釜山 2.8万人受灾《中央日报》李在明涉违反选举法案二审改判无罪网页链接 
5148710502137911,#李在明二审无罪#【#李在明二审推翻一审判决#】当地时间26日，韩国首尔高等法院对韩最大在野党党首李在明涉嫌违反《公职选举法》案作出二审宣判，推翻一审判决，判定李在明无罪。韩国首尔中央地方法院去年11月一审认定李在明作为总统竞选人说谎，违反《公职选举法》，判处他一年监禁，缓刑两年。
5148706928330572,李在明二审被判无罪 检方可继续上诉 点击查看更多 网页链接 
5148703087920920,李在明无罪，尹锡悦案悬而未决，“政坛韩剧”即将迎来大结局 #韩国  # #李在明二审无罪# 枣庄在线的微博视频 
5148701316089810,韩国政局诡异，今天下午李在明宣判无罪，尹锡悦瑟瑟发抖又紧张了。#韩国局势##半岛局势# 潇洒友A的微博视频 
5148700645001196,#警方通报高铁脱鞋放脚打人男被行拘#《新闻早报（2410期）》 1、最高法发文明确涉外国国家豁免民事案件相关程序事项。 2、全面做好2025年清明节祭扫工作。 3、汕头湾海底隧道成功贯通。 4、我国自主研制超大直径盾构机在江苏下线。 5、特朗普宣布对所有进口汽车征收25%关税。 6、马克龙宣布将向乌克兰 ...全文
5148697956713848,【李在明二审无罪，能否“王者归来”？】网页链接 
5148688255549895,【资讯早茶丨先上课再付费！12万教培机构纳入全国平台统一管理】  今天是2025年3月27日，星期四。#资讯早茶# 告诉您，有哪些值得关注的大事：  1. 近日，教育部发文明确，支持培训机构直接入驻或系统接入全国校外教育培训监管与服务综合平台，通过全国平台介绍、展示、售卖相关课程和服务。目前，纳入 ...全文
5148640100483363,@吃樱桃的胖子考拉 @南行德 @正版吴小饼 二审被判无罪，李在明发声 二审被判无罪，李在明发声 
5148464430451658,李在明二审无罪 韩国司法宛如“橡皮泥”，任由政治势力捏来捏去对尹锡悦及执政党是重大打击~尹一觉醒来天塌啦 
5148621168968475,韩国检方称将就李在明二审被判无罪上诉 鬼谷子兔爷的微博视频 
5148607239685065,#量化对冲基金#尼日尔军政府确认将进行为期五年的过渡以恢复宪政。 克里姆林宫：我们正在继续与美国保持联系。 克里姆林宫：黑海倡议将在满足一系列条件后启动。 克里姆林宫：我们对与美国的对话进展感到满意。 克里姆林宫：普京总统关于暂停能源打击的命令依然有效，并且正在由俄罗斯武装部队执行。  ...全文
5148599907520326,检察官张聪#李在明被判无罪#【韩国最大在野党党首 李在明二审被判无罪 走出法院时向支持者鞠躬】据韩媒报道，韩国首尔高等法院3月26日对最大在野党共同民主党党首李在明涉嫌违反《公职选举法》案作出二审判决，推翻一审判决结果。李在明被判无罪。参考消息的微博视频 
5148513589264570,#凤凰新闻#分享凤凰新闻：李在明涉嫌违反《公职选举法》案二审被判无罪！ 李在明涉嫌违反《公职选举法》案二审被判无罪 来自@凤凰新闻 网页链接 
5148592902768818,『无罪！李在明可以竞选韩国总统了』无罪！李在明可以竞选韩国总统了 
5148590125355959,无罪！李在明可以竞选韩国总统了 无罪！李在明可以竞选韩国总统了 
5148589564104121,李在明要做韩国总统了 
5148589300647086,《韩国检方称将就李在明二审被判无罪上诉》韩国检方称将就李在明二审被判无罪上诉韩国检方称将就李在明二审被判无罪上诉 
5148582529994182,DJ思禹的私房超话  李在明二审被判无罪！李在明二审被判无罪！ 
5148453669179986,韩国首尔高等法院就韩国第一大在野党共同民主党党首李在明涉嫌违反《公职选举法》二审判决无罪，推翻了此前一审的判决。 
5148487171703745,回复@滚成一个团子537:李在明最好笑的地方是，虽然人不可貌相，但他确实是一副奸臣贼子祸国殃民相//@滚成一个团子537:他适合上综艺真人秀
5148571758497102,『无罪！李在明可以竞选韩国总统了』无罪！李在明可以竞选韩国总统了 
5148571209831510,不懂韩国政治就很恼火了，上午看到有粉丝为今天祈祷，然后看到李在明二审无罪了，谁能告诉我韩国上层局势是怎么影响我们官司的啊，，， 
5148568324148900,#生活手记#李在明二审胜诉，给韩在野党打了一针强心针。 
5148460521622896,李在明生命力真的好强，超强心脏🫀，杂草一样顽强！虽然说不上喜欢他，但有时真的不得不佩服他。 如果命运真的眷顾，让他当了总统会怎样？我其实真的很好奇，就让他当总统如何？！ 
5148563056100649,【#视频制作人出道计划##视频星计划##视频创作计划##新星v计划##新闻看点##李在明涉违反选举法案二审改判无罪##李在明身穿防弹衣亮相发声#！】当地时间3月26日，韩国首尔高等法院对韩最大在野党共同民主党党首李在明涉嫌违反《公职选举法》案作出二审宣判，推翻一审判决结果，判定李在明无罪。二审宣判 ...全文
5148498261706007,今日国际焦点追踪：德国政府解散重组悬念待解，美俄博弈陷“无声明”僵局，韩国李在明案逆转背后暗藏何种博弈？ [种树]关注时事宝藏大V！一键围观最新国际事件解读，轻松理清热点脉络~  1、德国政府解散 @杨升：虽然舒尔茨政府解散，新政府成立后的路线政策在对外方面变化应该不会很大。  ...全文
5148463490924806,李在明二审宣告无罪，看来是锁定下任韩国总统宝座了。 
5147647373216803,【#韩国宪法法院驳回韩德洙弹劾案# #韩德洙恢复韩国代总统职权#】当地时间3月24日上午，韩国宪法法院对被停职国务总理韩德洙弹劾案进行宣判。韩国宪法法院驳回总理韩德洙弹劾案，韩德洙恢复总理及代总统职权。  去年12月27日，韩国国会以协助尹锡悦实施紧急戒严、拒绝任命宪法法官等为由，通过了对当时 ...全文
5147417288902955,#韩政坛迎来前所未有震撼一周#【韩媒：尹锡悦、韩德洙、李在明案或在下周陆续宣判，#韩国迎来撼动政局关键一周#】据韩联社23日报道，被停职的韩国总统尹锡悦、国务总理韩德洙以及最大在野党共同民主党党首李在明的相关案件预计将于下周陆续宣判。报道称，撼动韩国政治格局的一周即将到来。  据报道，韩 ...全文
5145241583096507,【韩媒：#尹锡悦弹劾案本周宣判#】据韩联社报道，韩国宪法法院预计将于本周就总统尹锡悦弹劾案进行宣判。报道称，宣判时间预计为20日或21日，目前尚未通知具体日期。根据韩国相关法律，如果宪法法院驳回弹劾案，尹锡悦将立刻恢复总统职务，任期至2027年5月。如果宪法法院通过弹劾案，尹锡悦将成为继朴 ...全文
5148913075492112,尹锡悦让我搞上了韩表。。。。 
5148363114415512,韩德洙脱罪将矛盾向外引，尹锡悦被嫌弃没那么幸运，4月尘埃落定#烽火问鼎计划# #韩国局势# 宋忠平的微博视频 
5148478570498326,韩江：罢免是守护普世价值之举……414名作家联名呼吁“立即罢免尹锡悦” : 韩民族日报  网页链接 “我们坚信生命、自由、和平这些不容践踏的价值。罢免正是守护普世价值的举措”。(作家韩江)  在韩国宪法法院迟迟未对总统尹锡悦弹劾案作出裁决之际，以韩江为首的414名涵盖诗歌、小说、评论 ...全文
5148728881842235,李在明众望所归，尹锡悦命悬一线。#李在明二审无罪#【#李在明二审推翻一审判决#】当地时间26日，韩国首尔高等法院对韩最大在野党党首李在明涉嫌违反《公职选举法》案作出二审宣判，推翻一审判决，判定李在明无罪。
5148723970310939,尹锡悦想办文在寅，自己先进去了。呵。韩国若是保不住一个文在寅的余生，就让韩国以后的所有总统世世代代都受青瓦台诅咒下去，搬到龙山也没用。
5148551853114140,#李在明涉违反选举法案二审改判无罪# 尹锡悦噩梦来了？ 韩国政坛大地震！李在明二审翻盘 尹锡悦噩梦来了？韩媒：李在明涉违反选举法案二审改判无罪李在明最新表态：“无罪”是理所当然的判决 下届韩国总统竞选 谁将笑到最后？#韩国总统  ##李在明二审无罪#  （编辑:泽 如有侵权请联系删除）  ...全文
5148464447751860,【李在明改判无罪。尹锡悦内乱罪责难逃，必将被弹劾成功，牢底坐穿。#李在明二审无罪#】#深蓝看社会# 韩国首尔高等法院26日对最大在野党共同民主党党首李在明涉嫌违反《公职选举法》案作出二审判决，推翻一审判决结果。李在明被判无罪。 难舍深蓝的微博视频 
5148247170746071,说金秀贤给尹卡卡挡舆论也太看得起他了，这几周完全是尹锡悦李在明文在寅三顶流老头互相挡呢，老鼠也配？ 
5148246888679781,#特朗普称群聊泄密是小问题# 特朗普称群聊泄密是小问题。#“因为打击行动非常成功” 特朗普的“遮羞布”# “因为打击行动非常成功”这句话就是特朗普的“遮羞布”。“胡塞PC小组“与尹锡悦戒严令有点相似。18人“背着”特朗普干成了件大事，不是“背着”是单独汇报，因为“总统仍保留24小时的决策空间 ...全文
5148231790757063,文多惠持续被检方高强度突击调查，恰逢宪裁所在审理尹锡悦弹劾时，这解释韩德洙案被驳回，尹案时间迟迟未定的原因。李在明肆意在党内清洗亲文派，却无法解决文阵营最后防线-大法官。尹文双方交换底牌，拖延至4月两名法官退休，自动程序宕机，换多惠脱罪， 笑面虎文大统领让手中无牌的李在明已在劫难逃
5148230884000103,@宋忠平 解读 韩德洙脱罪将矛盾向外引，尹锡悦被嫌弃没那么幸运，4月尘埃落定 鬼谷子兔二爷的微博视频 
5148216384819853,尹锡悦绝地反击，青瓦台魔咒再现，#文在寅父女双双被检方调查#，二人被指共同受贿。 万里桐花开的微博视频 
5148156853489627,#文在寅父女双双被检方调查#文在寅识人不准啊！看看他一手提拔起来的两位，尹锡悦刚刚大权在握就对曾经提拔自己的前任老领导下手，在查不到有效信息后，又对其唯一的女儿下手，典型的背信弃义之人。  再说李在明，他第一次被判有罪，一年有期徒刑缓刑两年，如今等待二审如果维持原判那么他将失去目前拥 ...全文
5147674643531810,#韩德洙恢复韩国代总统职权# 韩国尹锡悦：必须和中国平起平坐。 
5148201829014110,#文在寅父女双双被检方调查#  据韩媒3月25日报道，韩国前总统文在寅及其女儿文多惠因涉嫌受贿，正接受韩国检方的调查。   此次调查源于一家社会团体的检举。  检举书指控文多惠的前夫徐某受到关照担任泰国易斯达航空高管，文多惠和前夫旅居海外期间从航空公司直接获取经济利益，被视为向文在寅行贿，因 ...全文
5147765479052384,韩国宪法法院一如预期驳回针对国务总理韩悳洙的弹劾案  韩悳洙的总理职务立即恢复  韩国宪法法院八名法官，其中五人驳回弹劾、两人提出不予受理、一人赞成弹劾  法院最终驳回弹劾案  这是连续驳回在野党发起的弹劾案的又一次判决  显示了共同民主党毁宪乱政的荒腔走板  该案被视为总统尹锡悦弹劾案的风 ...全文
5148191017669411,#文在寅父女双双被检方调查# 青瓦台魔咒：韩国总统的“高危”宿命 入狱／判刑：全斗焕、卢泰愚、李明博、朴槿惠； 遇刺／自杀：朴正熙、卢武铉； 流亡／政变：李承晚、崔圭夏； 审判／调查：尹锡悦、文在寅； 平稳卸任：金大中、金泳三； 财阀政治、地域矛盾、清算文化等因素，造成了韩国总统的高风险 ...全文
5148182926331088,弹劾尹锡悦需要6个法官支持才能成立，韩国宪法法院目前有8名法官，他们的政治倾向大致如下：  进步倾向（3人） 1.  郑桂先：进步倾向，且立场较为强硬，被认为比其他进步派法官更倾向于支持弹劾。 2.  李美善：进步倾向。 3.  文炯培：进步倾向。  中立或中立偏保守倾向（3人） 1.  郑贞美：中间派，更 ...全文
5148178409068131,韩国有一个青瓦台魔咒大家都知道吧。 原本以为文在寅能够逃过魔咒，现在也摊上了官司。我整理了一下历届韩国总统的下场，大家乐呵乐呵。 第一任：李承晚，被赶下台，客死美国；终年90岁。 第二任：尹普善，被朴正熙发动政变，仅干了一年，被迫下野。终年94岁。 第三任：朴正熙，遇刺身亡。终年62岁。  ...全文
5148176887057268,#文在寅父女双双被检方调查#【文在寅父女被查：政治清算还是正义追击？】文在寅执政五年，力推半岛和平对话、抗击新冠稳居全球模范、叫停财阀世袭特权，其“烛光革命”遗产重塑韩国进步政治底色。如今卸任不足两年即遭检方突袭，以“女婿高薪”为由扣上受贿罪名，看似反腐铁腕，实难摆脱“青瓦台魔 ...全文
5148166312692590,#文在寅父女双双被检方调查#，我去，文在寅难道也逃不过青瓦台魔咒？尹锡悦这是要干翻一片啊。#文在寅父女被韩国检方指控受贿# 陆战铁骑的微博视频 
5148156723726077,关键时刻文在寅出山，罕见承认犯下错误，对尹锡悦送上致命一击上 #文在寅父女双双被检方调查# 寄薪的微博视频 
5148153716935288,韩国政坛无休止掣肘，尹锡悦的事没结果，文在寅又扯上事了，难道要把卢泰愚也搬出来吗？据韩国《京畿日报》3月25日报道，正在调查韩国前总统文在寅受贿指控的检方，以同样的罪名，对其女儿文多惠进行立案调查。#文在寅父女被韩国检方指控受贿##文在寅父女双双被检方调查#  举报者是一家社会团体，检举 ...全文
5148152617500713,#文在寅父女双双被检方调查# 尹锡悦方，开始反扑了？ 
5147766976416249,韩国山火的两派“主张”。亲尹锡悦派：山火这么多，是中国🇰🇵间谍用无人机放的火。反尹锡悦派：第一夫人金建希在搞火祭。  现在的韩国，事实已经不重要，全部是主张。 
5148091377782968,发布了头条文章：《韩国总理复职，宪法法院为何驳回弹劾案？尹锡悦距离罢免更近一步》  韩国总理复职，宪法法院为何驳回弹劾案？尹锡悦距离罢免更近一步 
5148073194423440,【#韩德洙弹劾诉求被驳回，法官意见各执一词#】网页链接 韩国国务总理韩德洙于24日恢复代行总统职权。距离去年12月27日被弹劾已经过去87天。当天上午10点，宪法法院宣判“驳回本案的审判诉求”后，韩德洙立即恢复了代行总统职权和国务总理职务。#韩德洙##弹劾驳回#尹锡悦#弹劾# 
5148069215340580,还聊到政治立场在性别群体里体现的相似性：我提到知乎上最近十分高昂的三战论调以及被不同性别霸占的不同社交媒体上占主导的政治倾向：知乎、贴吧、b站偏右，主要用户为男性（或者说发布内容的用户）；而小红书、微博偏左，主要用户为女性，聊起这俩平台上面对特朗普和哈里斯的评价简直是天差地别，男 ...全文
5148066886452649,【韩国经济心理指数因政治变数&quot;高台跳水&quot; 多家金融机构下调经济增长预期】在韩国总统尹锡悦弹劾审判前景尚不明朗的背景下，国内经济心理指标持续呈现波动态势。韩国银行（央行）于25日发布的报告显示，3月新闻情绪指数达91.73，环比（99.85）下降8.12个点。尽管该指数较去年12月（85.75）实施紧急戒严 ...全文
5147741451192935,#韩最大在野党称尊重宪法法院决定#【李在明：尊重宪法法院的决定，但不知道韩国国民能否接受】对韩国宪法法院今天（3月24日）驳回对韩德洙的弹劾案，韩德洙恢复国务总理职务并代行总统职权，韩国最大在野党共同民主党党首李在明表示，尊重宪法法院的决定，“但不知道韩国国民能否接受”。 共同民主党党 ...全文
5148064796904185,前《月刊朝鲜》社长赵甲济（保守）批评其所在政党，认为不该包庇尹锡悦。  “국민의힘은 윤석열을 딛고 가야 하는데 윤석열은  '나를 업고 가라'고 할 것.” “国民力量党理应踩着尹锡悦前进，现在却成了尹锡悦使唤党“背着我走。” 
5148062557932580,因为老头老太太们在街上吵吵嚷嚷搞得我10分钟的公交坐了快半小时 能不能把当时投了尹锡悦的ㅂㅅ崽子们抓起来枪毙啊 
5147982086537462,【娜姐读报，关注时事】 2025年03月25日 阴历二月二十六 星期二 ……………………………… 1. 央行宣布将开展4500亿元中期借贷便利（MLF）操作，并从本月起将MLF操作由单一价位中标调整为多重价位中标（即美式招标），政策属性完全退出。 2. 我国发现首个亿吨级页岩油田，坐标山东淄博。 3. 中国与泰国 ...全文
5148030189702720,尹锡悦弹劾案悬而未决，韩总理弹劾遭驳回引发政坛震荡#v评智库##韩国总统# 政治学博士-孙冠华的微博视频 
5148008778302557,专家：李在明入狱的可能性增大尹锡悦可能要“翻盘”，总理弹劾案被驳回，李在明这次真危险了 沧海利剑-的微博视频 
5148039074811224,没想通，尹锡悦是抱紧美国大腿才出来的，为啥会对中国示好。前几天中日也有高规格商务团，但日本官房长官又出来说日本首相没说尊重中国立场。南无三，多么吉列的豆蒸啊。
5148030269392785,尹锡悦这个b只要还在，封禁只会越来越猛。 更何况文在寅5年都没解封还在幻想啥呢？
5147740053440736,#韩国朝野之争愈演愈烈#【韩德洙弹劾案以5:1:2被驳回，#留给李在明的时间不多了#】随着韩国国务总理、前代总统韩德洙弹劾案被驳回，韩德洙时隔87天官复原职，“击鼓传花”式的总统权力瞬间折返，韩国代行总统第三次易位。宣判后，韩德洙立即前往首尔政府办公楼履职，他对韩媒说，将从紧急事务开始着手 ...全文
5147995889471413,#1067喇叭花快报# ▲韩国首尔中央地方法院24日宣布，将于4月14日对尹锡悦总统涉嫌发动内乱案进行第一次公审。首尔中央地方法院刑事合议庭24日进行了此案的第二次审理准备程序，作出上述决定。 
5147806705914457,韩德洙弹劾案被驳回……宪法法院：不任命法官行为虽违宪但未达重大违宪程度。 4人认为韩悳洙不任命法官的行为违宪“没有证据能够证明其目的是使宪法法院失去效力” 宪法法院于24日驳回了对国务总理韩德洙的弹劾案。根据宪法法院的决定，韩德洙立即恢复总理职务。 个人短评： 这场政治肥皂剧还在继续， ...全文
5147276112822854,韩国第一女杰 
5147661880525798,【#韩国宪法法院驳回韩德洙弹劾案##韩德洙恢复韩国代总统职权#】当地时间3月24日上午，韩国宪法法院对被停职国务总理韩德洙弹劾案进行宣判。韩国宪法法院驳回总理韩德洙弹劾案，韩德洙恢复总理及代总统职权。  去年12月27日，韩国国会以协助尹锡悦实施紧急戒严、拒绝任命宪法法官等为由，通过了对当时 ...全文
5147825094263550,尹锡悦与李在明他俩目前其实是共生的关系，无论那个人垮了，另外一个都别想好！ 尹锡悦能被释放且还有很大概率复职的原因就是李在明在外面威胁太大，他一旦上台必定进行大规模报复，所以那些害怕李在明的人只能捏着鼻子支持他。 同理李在明因为尹锡悦在位，能够获得同僚的支持，一旦尹锡悦没了，立马被 ...全文
5147823289927080,驳回弹劾！韩德洙复职，尹锡悦也能“无恙”吗？韩国迎来关键一周  #韩国迎来撼动政局关键一周##尹锡悦弹劾案##尹锡悦弹劾案预计本周宣判#   当地时间3月24日一早，韩国宪法法院对韩德洙弹劾案进行了宣判，驳回了国会对韩德洙的弹劾诉讼，韩德洙在停职87天后恢复国务总理及代总统职权。“官复原职”后， ...全文
5147821981041890,从弹劾到复职，韩德洙能否扭转韩国政坛的乾坤？   关于韩国国务总理韩德洙的弹劾案，韩国宪法法院以7比1的投票结果驳回了对他的弹劾案，并恢复了他的代总统职务。这一决定使得韩国政坛的二号人物重新获得了权力。韩国政治有可能迎来从大乱到大治的重大转机。  韩德洙在复职后表示感谢法院的明智决定， ...全文
5147818767681803,如果这是林芳正那尹锡悦是谁 
5147817636006085,新浪新闻@前主编 Global丨尹锡悦在宣布戒严前仅召集11名内阁成员进行非正式会议。#韩德洙能否成为韩国政坛关键先生#，#韩国被弹劾总理韩德洙复职#。
5147816813134098,韩国总理弹劾案没过，尹锡悦是否能逃出生天？李在明强烈反对 照理说事的微博视频 
5147814523045322,#韩德洙能否成为韩国政坛关键先生# 新浪新闻@前主编 Global丨舆论普遍认为这并不预示尹锡悦案的裁决结果。#韩国被弹劾总理韩德洙复职#
5147813491770646,#韩德洙能否成为韩国政坛关键先生#新浪新闻@前主编 Global丨尹锡悦目前面临叛乱罪起诉，若罪名成立最高可判死刑。#韩国被弹劾总理韩德洙复职#
5147810333722486,【前主编Global丨外媒：从弹劾到复职，#韩德洙能否成为韩国政坛关键先生#？】当地时间3月24日上午，韩国宪法法院对被停职国务总理韩德洙弹劾案进行了宣判。韩国宪法法院以7比1的投票结果，驳回了针对总理韩德洙的弹劾案，宣布恢复其代总统职务。#韩国被弹劾总理韩德洙复职#，但围绕总统尹锡悦的弹劾案 ...全文
5147795557191578,【尹锡悦涉嫌“内乱罪”首次公审将于4月14日举行】3月24日上午，韩国首尔中央地方法院举行了对总统尹锡悦涉嫌“内乱罪”的第二次庭审预备庭。法官宣布对尹锡悦涉嫌“内乱罪”的首次公审将于4月14日举行。（央视） 
5147779550938175,#恢复韩总理职务后韩德洙发声#40后总理韩德洙被恢复总理职务，可以说是执政党反击的重大胜利，也意味着这几天对尹锡悦弹劾案的审理，同样可能出现变故。他大概率会被恢复行使权力。反对党李在明的努力，是功亏一篑还是水到渠成，都有可能引发大规模街头行动。 
5147678741368022,#韩德洙恢复韩国代总统职权#宪法裁判所24日驳回了国会对国务总理韩德洙的弹劾诉讼。 韩德洙将立即恢复职务，履行代理总统职务。 国会认为，韩总理共谋或默许、协助尹锡悦总统宣布&quot;12·3&quot;紧急戒严，应予以罢免，但未被采纳。8人中有5人提出反对意见。 一切好像就像没发生过一样  #海外新鲜事# 
5147762325717199,【#韩国局势#︱尹锡悦被控内乱罪，法院排期4.14开审】韩国总统尹锡悦因戒严风波被控内乱罪，首尔中央地方法院今日宣布案件在4月14日正式开审。 法院早上就案件举行第二次预审，尹锡悦未出庭。法官批准控方申请，副总理兼财长崔相穆和外长赵兑烈将出庭作供。据韩联社报道，控方一共申请传召38名证人出庭 ...全文
5147752082180243,【2025年3月24日#韩联社要闻简报#】▲韩总理韩悳洙弹劾案被驳回▲尹锡悦内乱刑案庭审下月14日正式启动▲韩国森林火灾受伤人数和过火面积继续增加▲朝鲜谴责韩美联演声称强大攻击力即防卫力..网页链接 
5147748447552814,尹锡悦内乱罪又拖到下个月14日才开始开审，所以🇰🇷就算开免签旅游团有人敢去吗？还是近期别去🇰🇷，小心当被打呀。 
5147657484633437,#韩德洙已返回政府大楼办公#当地时间3月24日上午，韩国法院驳回韩德洙弹劾案，韩德洙恢复总理及代总统职权。随后，韩德洙返回位于首尔的政府大楼开始办公。#韩德洙恢复韩国代总统职权#   韩国在搞笑吗？韩德洙回来了，崔相穆又被弹劾了，感觉韩德洙回来是在进行试探，如果大家意见不大，尹锡悦过 ...全文
5147737235652903,韩国最脏的骂人话诞生了 .. 
5147735520184196,【韩国宪法法院驳回在野党对韩国国务总理韩德洙弹劾案，后者即刻官复原职恢复总统代理资格。】3月24日，综合韩联社等多家韩媒报道——韩国宪法法院当日上午驳回了去年12月27日在野6党联合在国会对国务总理韩德洙的弹劾案。韩德洙立即恢复国务总理职务并代行尹锡悦总统的职权。在野党占多数的国会以韩德 ...全文
5147726519208702,《韩德洙官复原职，不等于尹锡悦就能官复原职》3月17日，本人撰文《韩德洙弹劾案极有可能被驳回，尹锡悦弹劾案极有可能获通过》。网页链接 
5147722501328830,《尹锡悦稳了！总理无罪 这下尹锡悦真的是稳了，因为宪法法院驳回了对总理韩德洙弹劾，总理无罪，那么作为总统的尹锡悦自然然而也是无罪的，当然这是理论上的，结果得由宪法法院宣布。 但无论如何，对总理弹劾案的裁定结果是一个积极信号！之所以法院妥协，原因是韩国当下的情况很糟糕，内部经济持续非 ...全文
5147722191213255,尹锡悦.李在明案宣判在即 南韩政局进入动盪一週｜宪法法院驳回弹核案 南韩总理&quot;复职&quot;再成代理总统 灭蛙的微博视频 
5147719430308827,韩国法院于3月24日驳回了对总*️⃣理韩德洙的弹劾请求...  据韩联社报道，这一决定标志着对总*️⃣理的弹劾程序正式结束～  下一步走向已经很明确了，估计尹锡悦也没事了～  韩国政治好像过家家一样... 
5147714779613226,#微博新知# 马上就到三月底，尹锡悦案为何迟迟不宣判？韩国三星太子来到中国，背后意味是什么？中韩关系到底该何去何从呢？ 吴学兰的微博视频 
5147713561692584,【尹锡悦内乱罪首次公审下月开庭 崔相穆与赵兑烈或出庭作证】24日上午，韩国首尔中央地方法院举行总统尹锡悦内乱头目罪案件的第二次庭审预备庭，并宣布首次公审在下月14日举行。  与第一次庭审预备庭尹锡悦亲自出席不同，今天他并未出庭。根据刑事审判预备庭规定，被告没有必须出席的义务。     ...全文
5147713146454260,#韩政坛将迎前所未有震撼一周#【韩媒：尹锡悦、韩德洙、李在明案或在下周陆续宣判，韩国迎来“撼动政局”关键一周】据韩联社23日报道，被停职的韩国总统尹锡悦、国务总理韩德洙以及最大在野党共同民主党党首李在明的相关案件预计将于下周陆续宣判。报道称，撼动韩国政治格局的一周即将到来。  据报道， ...全文
5147712917606946,【旅行首尔：景福宫、青瓦台】  第一次来韩国还是要去景福宫打卡啦～ 虽然都是重建的，感受一下韩剧氛围啰！  独立院落干清宫是景福宫被毁后建造的， 其中坤宁阁是明成皇后被日本人刺杀的地方。  景福宫穿韩服入场免门票， 到处都是穿着韩服拍照的游客， 可惜我对韩服造型毫无兴趣。  韩国总统府青瓦台 ...全文
5147655644122771,弹劾几成儿戏！ 
5147647274913107,#韩德洙弹劾案被驳回#最新消息：韩国宪法法院今天（3月24日）上午驳回韩德洙弹劾案，#韩德洙恢复韩国总理及代总统职权#。 去年12月27日，韩国国会以“协助总统尹锡悦实施紧急戒严、拒绝任命宪法法官”等为由，通过了对当时代行总统职权的国务总理韩德洙的弹劾动议案，韩德洙随即被停职。随后，弹劾案移 ...全文
5147698715689173,【韩总理弹劾案被驳回，尹锡悦有希望了吗？】根据韩联社的报道，3月24日，韩国宪法法院驳回了有关总理韩德洙的弹劾案，使其立即恢复了总理，以及代总统的职务。具体来看，宪院的8名法官，有5人驳回了韩德洙的弹劾案，1人赞成，另有2人则提出了不受理的意见。  根据《韩国宪法》第113条，至少要有6名法 ...全文
5147661619692584,#韩德洙恢复韩国代总统职权# 有的国家是戏子当总统，有的国家无时无刻都在上演大戏，整不好尹锡悦也要回来了。 
5147697561995988,韩德洙代总统复职，尹锡悦与执政党胜利，李在明先生逼入死胡同！  所有的人都没有想到去年12月3日以前，韩国除了泡菜和塑胶硅胶有名，就不知道其他什么有名了？  但从这一天起，韩国的政治乱象开始享誉世界。  尹锡悦没有想到自己要栽大跟斗，最大的在野党共同民主党党首，李在明也没有想到居然有“敌 ...全文
5147084513084756,【#李在明称如果弹劾尹锡悦失败国家会灭亡#】3月22日，韩国最大在野党共同民主党党首李在明在到访全罗南道潭阳郡时称，若尹锡悦总统弹劾被驳回而复职，国家将陷入无法无天并走向灭亡。他表示这意味着总统可肆意侵犯国会、随意宣布戒严等，会使社会失序。此前，李在明身穿防弹背心现身相关活动，还提及 ...全文
5147647507172631,【#韩国宪法法院驳回总理韩德洙弹劾案# 】#韩国总理韩德洙弹劾案被驳回# 据韩联社3月24日报道，韩国宪法法院驳回了针对总理韩德洙的弹劾案。他将立即恢复总理职务，并重新代行总统职务。#韩德洙恢复韩国代总统职权#  报道称，宪法法院今天上午举行了对针对韩德洙的弹劾审判，并驳回了国会的弹劾议案。 ...全文
5147664230127319,🔻6 #韩德洙恢复韩国代总统职权# 
5147689772386484,最后48小时，尹锡悦将逃一劫？2万警员严阵以待，在野党备好后手#热搜知识局##微博新知# 媒体人解飞的微博视频 
5147688863009186,回顾2022年尹锡悦与李在明的辩论。#韩国局势# 戎耀青春的微博视频 
5147688410023296,#尹锡悦涉内乱罪4月14日首次公审# #韩德洙恢复办公# #热点观点# 根据最新消息，韩国首尔中央地方法院于2025年3月24日举行了对总统尹锡悦涉嫌“内乱罪”的第二次庭审预备庭，并宣布首次公审将于4月14日正式举行。此次指控源于尹锡悦被指在2024年12月3日与前国防部长官金龙显等人合谋宣布紧急戒严，试图 ...全文
5147684977771980,就在刚刚，韩国宪法法院以7票对1票的结果，裁定驳回总理韩德洙弹劾案，这表明他是无罪的，立即恢复总理以及代总统之权。 Mr奚敏的微博视频 
5147644209662403,尹锡悦内乱罪法院现场待机中 今天的阵仗超级大，进门的时候被公务员包裹在里面 法院工作人员看到我是外国人也愣了一下🙉  #海外新鲜事# 
5147680313447624,#韩反对派领导人李在明穿防弹背心出街#【尹锡悦弹劾案宣判在即 反对派领导人李在明穿防弹背心“出街”】据韩媒报道，韩国最大在野党共同民主党党首李在明3月21日身穿防弹背心，前往庆尚南道知事金庆洙绝食抗议现场，后者绝食13天，要求弹劾总统尹锡悦。此前，共同民主党声称，他们收到了多份有关疑似暗 ...全文
5147663104214739,#韩德洙恢复总理职务后发声#【韩国宪法法院驳回总理弹劾案后，韩德洙首次发声】当地时间3月24日上午，韩国宪法法院驳回韩国国务总理韩德洙弹劾案，韩德洙恢复总理及代总统职权。据韩联社最新消息，韩德洙当天表示，感谢宪法法院的裁决，并将从紧急事务着手处理政务。#韩德洙恢复总理职务后首次发声#   ...全文
5147674074158748,尹锡悦弹劾即将宣判，首尔的支持者反对者互不相让，举美国旗的是坚定支持尹锡悦的群众。他们与尹锡悦一样都热爱美国！ 紫金山上听风吟的微博视频 
5147673377112873,#韩德洙恢复韩国代总统职权# 韩国反对党遭打脸：代总统弹劾案被法院驳回，尹锡悦有希望了？ 木春山的微博视频 
5147285353137413,#韩国多地进入灾难状态#  这下不用帮老美了，可以先救自己了 
5147669794390306,【#尹锡悦弹劾案何时会宣判#】自2024年12月3日尹锡悦发布紧急戒严令以来，韩国社会持续动荡。从去年12月韩国国会通过尹锡悦弹劾动议案，到今年2月25日宪法法院的最后一场辩论，至今弹劾案仍未宣判。漫长的审理过程中，焦虑情绪在韩国社会蔓延。  “总统弹劾案这周会宣判吗？”这句话成了记者最近与韩国 ...全文
5147662416873292,#韩国宪法法院驳回总理韩德洙弹劾案#  当地时间3月24日上午，韩国宪法法院对被停职国务总理韩德洙弹劾案进行宣判。韩国宪法法院驳回总理韩德洙弹劾案，韩德洙恢复总理及代总统职权。  去年12月27日，韩国国会以协助尹锡悦实施紧急戒严、拒绝任命宪法法官等为由，通过了对当时代行总统职权不过两周的韩 ...全文
5147309826379335,🔻庆尚南道山清郡不是尹锡悦老家，他爹是忠清南道论山市的。 #韩国多地进入灾难状态# 
5147661166448883,【弹劾时气势汹汹，结果被驳回，这脸打得，国会的“证据”是不是还没小学生辩论论据来得靠谱？#韩德洙恢复韩国代总统职权#】#深蓝看社会# 当地时间3月24日，韩国宪法法院对被停职国务总理韩德洙弹劾案进行宣判。韩国宪法法院驳回总理韩德洙弹劾案，韩德洙恢复总理及代总统职权。   去年12月27日，韩国 ...全文
5147659695819488,3月20日，韩国宪法法院进入最后冲刺阶段，预计将在本周内对总统尹锡悦弹劾案作出终审裁决。在这一关键时刻，韩媒爆料金建希在尹锡悦被捕后，曾斥责警卫处“带枪有什么用”，并扬言“从心里来说，我真想开枪打死李在明，然后自己了结”。#韩德洙恢复韩国代总统职权#  尹锡悦弹劾结局将至！意识到不对的金建希，要和李在明同归于尽？ 
5147658093592915,#韩德洙恢复韩国代总统职权#都看得出来，尹锡悦出来复职，让反对派群众先群体免疫。 终归还是特朗普主义的得势，特朗普毕竟是个政治家，他在表达支持尹锡悦的言论上无可挑剔 ，假如他上个月表达的是反面意思，尹锡悦就是从看守所搬进监狱或者死囚的命运。 
5147654875252501,【#韩德洙恢复韩国代总统职权#】韩国国务总理韩德洙1949年出生于韩国全罗北道全州市。韩德洙1970年入职公务员，2007年4月至2008年2月出任卢武铉政府的最后一任总理，2009年至2012年任韩国驻美大使，2012年至2015年任韩国贸易协会会长等职务，2022年5月出任尹锡悦政府国务总理。
5147654422003881,#韩德洙恢复韩国代总统职权#电影都不敢这么演，这一天天的戏是真多，如果有一天，尹锡悦被恢复原职，都不会感到惊讶 
5147653652093197,韩国天天给大家整节目 #韩德洙恢复韩国代总统职权# 
5147653566630334,#韩德洙恢复办公#更新：代行总统职权的韩国国务总理韩德洙在韩国宪法法院今天（3月24日）上午驳回对他的弹劾案后，返回位于首尔的政府大楼开始办公。#韩德洙弹劾案被驳回##韩德洙恢复韩国总理及代总统职权#  韩国宪法法院刚刚对韩德洙弹劾案进行了宣判，驳回了国会对韩德洙的弹劾诉讼。韩德洙在停职87 ...全文
5147652673768263,【宪法法院驳回对国务总理韩德洙的弹劾诉讼】24日，韩国宪法法院就国务总理韩德洙弹劾案作出最终裁决，驳回国会提出的弹劾动议，韩德洙正式恢复其总理职务及代总统职权。这一裁决标志着持续数月的政治风波暂告一段落。  此次弹劾案源于去年12月27日，韩国国会以韩德洙涉嫌协助总统尹锡悦实施 ...全文
5147651315073062,【弹劾案驳回！韩德洙恢复韩国总理及代总统职权】#韩德洙恢复韩国代总统职权#  当地时间3月24日上午，韩国宪法法院对被停职国务总理韩德洙弹劾案进行宣判。韩国宪法法院驳回总理韩德洙弹劾案，韩德洙恢复总理及代总统职权。网页链接  有观点认为，韩德洙弹劾案宣判结果或可作为尹锡悦弹劾 ...全文
5147650181565296,韩德洙回来了！崔相穆得挪地方了吧。 好吧，快罢免尹锡悦，让韩德洙做代总统吧，虽然我也讨厌他。 
5147648690230834,#韩德洙恢复韩国总理及代总统职权#  这下崔相穆又下台了，走马灯一样的，一百天时间，轮流行使总统职权的已高达4人次：尹﹣韩﹣崔﹣韩，下个是谁？我认为不会是尹锡悦。 
5147648681315426,#韩德洙弹劾案被驳回#对于这一情况，有一种观点指出，这或许是尹锡悦官复原职的先兆。毕竟只要他能熬过终审判决，就能够重新执掌总统职权。然而，从韩国最新的民意调查结果来看，形势却不容乐观。数据显示，超过60%的民众明确要求罢免尹锡悦，与此同时，也有51%的受访者对提前举行大选表示支持。 
5147314051352283,#韩国多地进入灾难状态#原来是山火…… 我还以为金秀贤起兵勤王尹锡悦了呢…… 
5147418359501229,韩国下周太热闹了，尹锡悦、韩德洙、李在明，下周要陆续宣判，看看几家欢喜几家愁？ 
5147624220394851,韩媒爆料金建希在尹锡悦被捕后，斥责警卫处“带枪有什么用？”  #韩国迎来撼动政局关键一周##韩国发生至少30起山火# 椒哥微记录的微博视频 
5147618822325480,#韩国迎来撼动政局关键一周##韩政坛迎来前所未有震撼一周# #热点盘点# 韩国总统宝座有魔咒，谁上谁倒霉，就连代总统也没逃过，下周尹锡悦、李在明、韩德洙三个总统（总统，代总统，预选总统）将迎来弹劾  据韩联社3月23日报道，因被停职的韩国总统尹锡悦、国务总理韩德洙以及最大在野党共同民主党党首 ...全文
5147616217400559,#韩国迎来撼动政局关键一周# 韩国法院于当地时间3月24日上午10时对韩德洙弹劾案进行宣判。   韩国法院于3月26日对李在明违反选举法案作出二审判决。李在明一审因虚假事实违反《公职选举法》被判有期徒刑1年，缓期两年执行。  尹锡悦弹劾案判决结果可能最早在下周出炉。 深圳 
5147512547052008,尹锡悦去哪儿都忘不了吃吃吃，警卫员也喜欢草芥酱，悄悄地拿走一块。 戎耀青春的微博视频 
5147509216774461,山火未灭，韩国政坛的天可能要变。  尹锡悦、韩德洙、李在明案或在下周陆续宣判，韩国将迎来撼动政局的关键一周。  #韩国迎来撼动政局关键一周##韩国千年古刹被烧毁##热点现场# 刘成春的微博视频 
5146645307852814,前黑涩会美眉成员瑶瑶闯祸了！  最近，瑶瑶去韩国首尔旅游，她跑到民众弹劾总统尹锡悦的抗议活动现场，拿到了一堆吃的，还说“这里跟园游会没两样，不止是抗议标语，还发坐垫，还有一堆餐车，全部免费，让我蹭吃蹭喝了！”  这条ins图文被韩国人转载到韩国论坛，被骂惨了。台湾网友也在骂她，说太丢脸 ...全文
5147454111748222,下周起，韩国将迎来3场审判，79岁老人自焚身亡，尹锡悦回应4个字！  下周起，韩国政坛将迎来三场备受瞩目的审判，其中包括韩国总统尹锡悦弹劾案的最终裁决。这次审判不仅决定了尹锡悦的政治前途，也将影响韩国政局的未来走向。在这个关键时刻，一名79岁老人在首尔自焚身亡，引发韩国社会广泛关注。对此 ...全文
5147495303480431,分享视频 北大王勇教授的微博视频 
5147343356169692,（3月22日晚上）韩国政坛大变化，牢中尹锡悦翻身回来萝⋯邱毅博士分析 灭蛙的微博视频 
5147329729659708,外公：我从来不出去嘎三胡，跟那些人讲什么尹锡悦、马斯克他们又听不懂，完全没有共同语言。 我：那你是关心国际大事的人肯定不一样。 外公：不，我就是吃饱饭没事做。 
5147281943429840,有计划性烧起来了？计划性这个词用得好，哈哈哈，都烧成灾难了，全国都是火灾，你们说是不是尹锡悦为了立功，故意烧的这把火#韩国多地进入灾难状态# 游历丁丁的微博视频 
5147324797159748,#国际热点你评我也评#【#尹锡悦弹劾案已近百日# 什么时候能有一个结果？】 CCTV4的微博视频 
5147308538728619,中日韩关系迅速升温的时代背景  3月22日，中日韩第11次中日韩外长会在日本东京举行。期间，中国外长王毅分别会见日本首相、外长以及韩国外长等举行双边会晤。会晤达成系列共识。包括，巩固合作势头，拓展人文交流、可持续发展与气候变化、经济合作与贸易、公共卫生和老龄化、社会科技与数字化转型、救 ...全文
5147305830255362,韩国总统尹锡悦弹劾案通过 帅化民：一个炸弹掉进了粪坑#韩国局势# 空天大元帅的微博视频 
5147304743927926,【报告：韩国收入再分配功能垫底经合组织】据韩联社23日援引经济合作与发展组织（简称“经合组织”，OECD）最新统计数据，韩国通过税收和福利制度实现的收入再分配功能在成员国中处于最低水平。2022年，韩国的税前和税后基尼系数改善率仅为18.2%，在31个公布相关数据的OECD成员国中排名第28位， ...全文
5147297752547551,#韩国多地进入灾难状态# 不是我说哈 尹锡悦一回来韩国就开始多灾多难 这个人他克国啊懂不 
5147102233755745,昨天我这儿来了个“阴谋论”的，我已经把他举报拉黑了，但是他转发了我那篇微博，导致后面别人跟他吵架，我还是会被提醒  这个人是怎么说我的呢，说我学了点8️⃣字皮毛就跑出来乱说，理由是尹锡悦在韩国从来没被弹劾成功，是中国的媒体造谣  我寻思着这跟我那条微博有什么关系，你拉踩我 ...全文
5147098926028172,分享视频 北大王勇教授的微博视频 
5147095254438784,【韩国政局持续动荡，对中日韩合作会产生何种影响？】中共中央政治局委员、外交部长王毅22日出席了在日本东京举行的第11次中日韩外长会。据悉，此次中日韩外长会，将为三方力争在年内举行领导人会议营造氛围。另有消息指，当前韩国政局持续动荡，对中日韩合作或将产生一定影响。  中国社会科学院亚太与 ...全文
5146757274796312,瑶瑶黄乔歆这几天被骂翻了不光韩国骂她，台湾省也把她骂翻了。不过，瑶瑶超爱，表示下次还去韩国。  她成天往韩国跑，这次又去，遇到韩国人抗议尹锡悦，瑶瑶没有避开这些人群，反而很兴奋，因为可以拿免费食物。  她就蹭吃蹭喝拿食物，拿就拿了，结果她还发到ins上秀战利品，还说像园游会。被韩 ...全文
5147036363786368,韩国又弹劾代总统，政局再剧变，却揭示尹锡悦弹劾为何陷入僵局 真实星球的微博视频 
5146678135619691,金建希不是无辜者，是否指使干掉李在明不重要，关键是尹锡悦失势#烽火问鼎计划##韩国国会通过金建希特检法# 宋忠平的微博视频 
5146908252440583,#韩在野党发起代总统弹劾案#【韩在野党发起代总统崔相穆弹劾案】韩联社21日报道称，韩国最大在野党共同民主党和其他4个在野党当天向国会提请弹劾代行总统职权的经济副总理兼企划财政部长官崔相穆。韩国KBS电视台称，在宪法法院对总统尹锡悦弹劾案、国务总理韩德洙弹劾案等案件进行审理，并将于3月24日 ...全文
5146972831879470,最近，菲律宾前总统杜特尔特被现总统马科斯送到了海牙国际法院接受审判，韩国现任总统尹锡悦还在等待法院判决，美国前总统拜登被现总统特朗普时刻拎出来一顿臭骂，而特朗普也差点被拜登送进监狱。  民主政治相互攻击，相互用阴谋诡计搞臭对方，政策翻烙饼，已经是普遍现象。民众情绪也跟着极化，各抗各 ...全文
5146426486294947,【##韩第一夫人金建希将被查#】#金建希将被查# 据央视新闻消息，当地时间20日，韩国国会举行全体会议，以179票赞成、85票反对的结果，通过了关于第一夫人的“金建希常设特检案”。  另据韩联社报道，常设特检案的调查对象包括金建希涉嫌操纵德意志汽车股价、收受名牌皮包等案件。  根据韩国法律，常设 ...全文
5146740987794452,周五（3月21日），以共同民主党（简称民主党）为首的韩国五个在野党提出议案，对代理总统崔相穆发起弹劾。反对党此举可能加剧韩国的政治动荡。  周五，该议案启动了国会投票以简单多数通过的程序，但具体时间表尚不明朗。  去年12月14日，韩国总统尹锡悦（Yoon Suk Yeol）在宣布短暂戒严后遭到弹劾，由 ...全文
5146658123809335,#尹锡悦# 【韩总理韩悳洙弹劾案24日宣判】韩国宪法法院将在下星期一（3月24日）对总理韩悳洙弹劾案作出裁决，总统尹锡悦弹劾案的宣判日期则仍未公布，引发政坛紧张局势升级。反对党持续向法院施压，要求尽快裁决。  分析认为，宪法法院优先审理韩悳洙案，是为减少国政不确定性，降低经济与外交混乱。相 ...全文
5146702298224094,德国总理朔尔茨在布鲁塞尔的欧盟峰会，做了最后的告别，曾经的G7就剩下法国总统马克龙和意大利梅洛尼了，就连小G8尹锡悦都要换人了。 
5146630900421689,#韩在野党发起代总统崔相穆弹劾案#尹锡悦弹劾案还没有宣判，李在明又开始弹劾崔相穆了，韩国这是要弹弹弹，弹走鱼尾纹吗 
5146576373679335,见证历史！ 再次被抽中下周去法院现场看尹锡悦内乱罪审判现场！ 战地记者再次起航 
5146765733401301,#张玉安称金秀贤在等大瓜掩盖#估计只有尹锡悦的瓜能掩盖！ 
5146756138142690,胡锡进 尹桑的支持者真疯狂！自焚！ 天晓得54916的微博视频 
5146752177409715,曹国信一开头“金庆洙知事说要来探望我”，小洙回信一开头“罢免尹锡悦后我会立刻去探望曹国代表”，一个每天盼着一个巴巴等着是吧……好萌的初恋小情侣感别给我嗑薯 
5146747812449483,绣球花……我的绣球花……欢乐趣离别苦就中更有痴儿女……君应有语渺万里层云千山暮雪只影向谁去…… 
5146743172500550,韩国政局剧变，尹锡悦弹劾案接近过关，谁会是保守派叛徒？ 真实星球的微博视频 
5146738907153146,【#韩国女议员呼吁弹劾尹锡悦被砸鸡蛋#】韩国最大在野党——共同民主党的两名议员3月20日在韩国宪法法院前参加集会时先后遭袭，该党指责警方警备松懈。据韩国媒体报道，首尔警方已接到20日下午遇袭的共同民主党议员李在汀的报案，袭击者当场被控制并移交给警方。此外，20日上午，共同民主党议员白惠莲 ...全文
5146726542346771,李圆梦💫#我在广州##时事满谈#☕  【尹锡悦弹劾案宣判在即】#圆梦日记#📖   韩国🇰🇷大学生虔诚拜天地， 实行三步一磕头， 嘴里还念念有词， 据说就是想把尹锡悦总统给磕死....   #叱咤风云#    #新闻看点# 👀  #中国人的故事#  -李圓夢的微博视频 
5146653371924822,#美防长出访跳过韩国#【#美防长印太之行罕见跳过韩国#】据美国《星条旗报》网站3月20日报道，韩国国防部官员本周表示，由于在尹锡悦总统遭弹劾后该国仍处于政治动荡之中，预计美国防长赫格塞思在即将进行的印太之行中不会在韩国停留。  韩国国防部发言人全河圭17日在新闻发布会上称，由于美国方面的“ ...全文
5146657760217041,🇰🇷：爸爸你？ 
5146486293135923,韩国宪法法院将于3月24日就总理韩德洙的弹劾案作出裁决 裁决将受到密切关注，因为该裁决将在备受期待的、同一法庭、对尹锡悦进行弹劾裁决之前、做出。 宪法法院尚未宣布尹锡悦弹劾案的裁决日期，通常会提前几天宣布。 韩德洙是以代理总统身份被韩国议会弹劾，他代理总统不到两周，因拒绝任命三名宪法法 ...全文
5146363185072106,韩国女议员呼吁弹劾尹锡悦被砸鸡蛋，尹锡悦是韩国多年来唯一正常的总统，结果被不断折腾，看什么时候美国把大兵撤了。 数据归集的微博视频 
5146641868261585,【支持者自焚事件再次上演 尹锡悦发声】据韩联社等韩媒报道，3月7日，一名70多岁男子在首尔一座建筑物屋顶上撒下印有支持尹锡悦的传单并自焚，最终在医院接受治疗期间身亡。尹锡悦3月20日就此事向其家属表示慰问。#尹锡悦就其支持者自焚事件发声# 深圳卫视正午看天下的微博视频 
5146629090836567,花千芳：尹锡悦一支持者疯了，强闯中国使馆，打砸韩国警察局 花千芳的微博视频 
5146312301089923,把美国人都馋哭了  尹锡悦支持者竟然往韩国女议员脸上扔鸡蛋，太浪费了，这在美国可是奢侈品，多少美国人想吃鸡蛋都吃不到，韩国人竟然扔鸡蛋，保护费必须要翻倍。 
5146618774164629,#韩女议员呼吁弹劾尹锡悦被砸鸡蛋# 尹锡悦的支持者  大多都是收了美国钱的韩国人一边举着韩国旗一边举美国旗打自己人 笑圈少女的微博视频 
5146568853293461,【韩国乱上加乱：“代总统的代总统”或面临弹劾，代总统韩德洙弹劾案即将宣判】#韩国代总统韩德洙弹劾案即将宣判# 韩国停职总统尹锡悦和“第一夫人”金建希前途未卜，前代总统韩德洙和现任代总统崔相穆先后被推至检视台，韩国政局旧乱未解、新乱不断。  据新华社报道，韩国宪法法院3月20日宣布，将于当 ...全文
5146616101601422,【民调：韩国近六成民众支持弹劾#尹锡悦#】#韩国时局# 民调机构韩国盖洛普21日发布的一份民调结果显示，韩国近六成民众支持弹劾总统尹锡悦... 网页链接 
5146260935806570,【尹锡悦弹劾案&quot;注水集会&quot;成常态 韩国警方疲于奔命】随着韩国总统尹锡悦弹劾案判决临近，支持与反对阵营纷纷试图展示声势。然而，多场集会的实际参与人数远低于申报人数，甚至出现所谓的“注水集会”现象。  例如，3月17日，一场反对弹劾的集会申报了2万人，但实际到场人数仅600人，占比仅3%。当天下午 ...全文
5146426510938909,右男想要街边开满普萝奈，左男想要永远不超过25岁的燕妮//@阿喀琉斯背水一战://@读书反馈:金甲洙是以进步倾向评论家知名，亲左翼共同民主党，2024年末弹劾尹锡悦时局，批评林英雄“我是政治家吗”言论，认为其“不配做韩国人”，各类韩左舆论工具都在为金秀贤积极公关。世界各国很多都有“罗密欧与朱丽...全文
5146602743269744,1 特朗普强推“对等关税” 白宫官员焦头烂额 2 尹锡悦弹劾案宣判在即 韩国朝野激烈交锋 3 贪3.43亿 西藏原书记吴英杰受审   深圳卫视正午看天下的微博视频 
5146592882986192,【金建希将被查】央视新闻消息，当地时间20日，韩国国会举行全体会议，以179票赞成、85票反对的结果，通过了关于尹锡悦夫人的“金建希常设特检案”。常设特检案将金建希操纵德意志汽车公司股价、收受名牌包、介入第8届地方选举和第22届国会选举、第20届大选舞弊等事件作为调查对象。  ...全文
5146587887829724,【#韩国女议员呼吁弹劾尹锡悦时被砸鸡蛋#】3月20日，韩国最大在野党共同民主党举行记者会，呼吁弹劾总统尹锡悦。期间，有疑似尹锡悦支持者向议员白惠莲投掷2枚生鸡蛋，1枚直接砸中她的额头。白惠莲当场怒喊：“是谁扔的？必须抓住他！”场面一度混乱。  网友调侃：“政治斗争升级到‘蛋战’，韩国政坛 ...全文
5146587609436118,【#韩国周末预告30万人集会#】随着针对韩国总统尹锡悦的弹劾审判裁决日期推迟，韩国市民团体计划在宣布判决前的最后阶段全力集结力量。据警方和相关部门21日透露，22日(周六)首尔市中心将分别举行支持和反对弹劾的两场大规模集会，预计参加人数共计达到30万人，是上周末集会参与人数的三倍。 本周末22 ...全文
5146585119329502,#韩女议员呼吁弹劾尹锡悦时被鸡蛋砸脸#当场大喊：是谁扔的？必须抓住他！（来源：新京报 ，剪辑：胡顺） 华声在线的微博视频 
5146286980073078,【央视财经：韩国警方部署警力应对尹锡悦弹劾案宣判】目光转向韩国。韩国法律界17日消息称，韩国宪法法院计划在本月20日或21日对总统尹锡悦弹劾案进行判决。随着宣判日期在即，韩国的气氛也愈发紧张。据韩国媒体19日报道，韩国警方将于尹锡悦弹劾案宣判当天，充分调动和部署警力，以确保安全。  ...全文
5146433980729618,尹卡卡出来了，他老婆又要进去了。 
5146575710983600,#韩女议员呼吁弹劾尹锡悦被砸鸡蛋# 庚辰日可不是那么好对付的  一般日主通根，或者地支有多个根的，都比较难“杀” 
5146570258123643,近期周边局势恶劣，形势不容乐观  一、川普上台后删除了美官网关于“不支持‘T独’”的表述。 二、七国集团外长会发布的联合声明，对一中原则只字未提，还怂恿T湾扩大“国际参与”。 三、小本子试图否认1972年《中日联合声明》法律效力，建交基础若没有，将进入敌对关系，向“T独”发错误信号 四、小韩 ...全文
5146570165324900,【新闻分析】韩宪院为何先宣判韩德洙弹劾案？……尹锡悦被罢免时可起到稳定国政的效果 : 韩民族日报  网页链接 韩国宪法法院决定在总统尹锡悦弹劾案之前，先对国务总理韩德洙的弹劾案作出宣判，这一举动背后的原因引发了广泛关注。法律界有分析认为，其意图是在尹锡悦弹劾案宣判前，解决因 ...全文
5146569972123800,韩宪院将于24日对国务总理韩德洙弹劾案作出宣判 : 韩民族日报  网页链接 韩国宪法法院决定将于24日对因涉嫌参与12·3紧急戒严而被弹劾起诉的国务总理韩德洙一案作出宣判。尹锡悦总统弹劾案的宣判很有可能在韩德洙案件之后作出，但由于比预期延迟，围绕是否罢免尹锡悦的矛盾也在加剧。  宪法 ...全文
5146565266899869,近日，在首尔的韩国宪法法院外，亲尹锡悦的支持者与反尹大军怒目而视，亲尹者被鸡蛋打脸，场面混乱程度堪比 “战场”。#韩国#首尔法院抗议闹剧# 来点石锤的微博视频 
5146298958479892,29岁的崔先生与女友相恋5年，如今却因为女友是李在明的坚定支持者，犹豫是否要结婚。“以前我以为爱情可以克服政治分歧，但现在担心如果我们结婚，就会天天争吵，以离婚收场。”  一名二十多岁的女性就讲述了自己与男友分手的经过：“我告诉他，我参加了一场支持弹劾尹锡悦的集会。他说：‘像你这样的 ...全文
5146561487571581,韩国发生第二起尹锡悦支持者自焚事件！支持尹锡悦的绝大多数是韩国亲美派 紫金山上听风吟的微博视频 
5146031394917784,今晚横竖研究所暂停在直播中爆料金赛纶相关，还特意做了中英韩日四国语言的说明，强调不是频道偃旗息鼓而是要跟进更重要的尹锡悦弹劾审判新闻。  金赛纶遗属主张和金秀贤关系很好的、此前多次在报道中对金赛纶采取攻击姿态的李镇浩则抓紧机会反攻，在自己的频道上公开了一段据说是金赛纶和所属社职员的 ...全文
5148915046288347,早上下了毛毛雨，对扑灭山火效果微微。昨天李在明判无罪，把国力气坏了，今日各种声讨。尹锡悦的弹劾案渺无音讯，金秀贤面对家属的爆料沉默无语。 三月中旬还在下茫茫大雪，这会儿听说首尔的迎春花已经满开，有的地方樱花也已经开了。呆瓜说纷乱的事儿太多，忽略了花季。的确，这个春天太凌乱了！
5148914747708709,【检方继续上诉，会否影响李在明的参选之路？】26日韩国法院对最大在野党共同民主党党首李在明做出二审判决，宣判李在明无罪。韩国检方将就李在明二审被判无罪进行上诉。作为韩国下一任总统热门人选，如果检方继续上诉，会否影响李在明的参选之路？  中国人民大学国际关系学院教授成晓河认为：李在明作 ...全文
5148101031759996,【崔胜铉丨辟谣澄清】 👉🏻wb仅可置顶2条，待本事态稳定后再重新换回「五人行程置顶」；另李昇炫澄清博，因性质严重、尚无定论、BBC误导、错综复杂，仍作长期置顶  💚📣20250325  【关于昨日大范围传播的油管视频内容几条事实更新】 ⚠️崔胜铉本人/公司未发布官方立场前，本文所列内容无夸张 ...全文
5148069092657602,【正午短评：韩德洙官复原职 尹锡悦能逃过一劫吗？】韩国宪法法院驳回韩德洙弹劾案，加上不久前尹锡悦获释。种种迹象都显示尹锡悦弹劾案或将出现变数。#韩德洙官复原职# 深圳卫视正午看天下的微博视频 
5147763601049625,韩国首尔中央地方法院24日宣布，将于4月14日对尹锡悦总统涉嫌发动内乱案进行第一次公审。   
5147860296270171,【韩国宪法法院恢复总理韩德洙职务】韩国一家法院推翻了对总理韩德洙的弹劾，恢复他代理总统的职务，这是总统尹锡悦戒严事件引发政坛地震以来的首个重大裁决。韩国宪法法院3月24日做出了对韩德洙有利的裁决，八位法官之中只有一人投票反对恢复他的职务。 
5147678867459244,尹锡悦被弹劾的胜率，两大公开赌盘，Polymarket和kalshi差不多都在3分之1！！！！#韩德洙恢复韩国代总统职权# 
5147820567823001,被停职韩国国务总理韩德洙弹劾案将宣判、最大在野党共同民主党党首李在明涉嫌违反《公职选举法》案二审判决将出炉，以及总统尹锡悦弹劾案也可能在本周宣判……韩国将迎来“激荡的一周”。韩联社指出，韩德洙弹劾案的结果可能将成为推测尹锡悦弹劾案部分判决结果的“标尺”，因此该案判决结果备受关注。 ...全文
5147827752927744,近期，韩国政坛再度掀起轩然大波。3 月 24 日上午，韩国宪法法院对被停职的韩国总理韩德洙弹劾案作出宣判，驳回了国会对韩德洙的弹劾诉讼。至此，韩德洙在经历 87 天的停职后，恢复了国务总理及代总统的职权，同时，崔相穆停止代行总统职权，韩国的权力格局再次发生变动。 照理生活的微博视频 
5147649837632133,韩国政坛大戏持续，今天宪法法院驳回了之前对国务总理韩德洙的弹劾，表示他“没有积极协助紧急戒严”，这样以来，他时隔3个月又恢复代总统职务了。本周还有值得关注的就是宪法法院对尹锡悦的终审了。 #韩德洙恢复韩国代总统职权# 
5147731816089429,实时快报：【#尹锡悦涉嫌发动内乱案将于4月14日首次公审#】云财经讯，韩国首尔中央地方法院24日宣布，将于4月14日对尹锡悦总统涉嫌发动内乱案进行第一次公审。首尔中央地方法院刑事合议庭进行了此案的第二次审理准备程序。尹锡悦当天没有出席。检察机关指控尹锡悦涉嫌与前国防部长官等共谋，在没有战时 ...全文
5147701752370130,【韩德洙复职了，尹锡悦呢？尹锡悦涉嫌“内乱罪”首次公审将于4月14日进行】韩国宪法法院24日上午对被停职国务总理韩德洙弹劾案作出宣判，驳回对其的弹劾。韩德洙随即恢复国务总理职务，并代行总统职权。  自2024年12月3日尹锡悦发布紧急戒严令以来，韩国社会持续动荡。  从去年12月韩国国会通过尹锡悦 ...全文
5147687721369844,#快讯》南韩法院驳回总理韩悳洙弹劾案 即起恢复代理总统职权# 南韩宪法法院今（24）日宣布，驳回国会针对总理韩悳洙的弹劾案，韩悳洙即起恢复南韩总理及代理总统一职。 综合韩联社、路透报导，宪法法院今日上午举行对总理韩悳洙的弹劾审判，驳回国会的弹劾动议，8名法官中，5人提出驳回意见，1人提出弹 ...全文
5147664044001978,#韩德洙恢复韩国代总统职权# 韩恢复职权跟尹锡悦的案子是两回事。 
5147649960053202,#韩国迎来撼动政局关键一周# 尹锡悦若被罢免，共同民主党或将主导提前选举。李在明若法律问题解除，有望成为总统候选人；但其若失去资格，党内需另推人选。 
5147660000429408,【#韩德洙恢复韩国代总统职权##韩德洙恢复办公#】据@CCTV国际时讯  代行总统职权的韩国国务总理韩德洙在韩国宪法法院今天（3月24日）上午驳回对他的弹劾案后，返回位于首尔的政府大楼开始办公。#韩德洙弹劾案被驳回# 韩国宪法法院刚刚对韩德洙弹劾案进行了宣判，驳回了国会对韩德洙的弹劾诉讼。韩德洙 ...全文
5147655606370905,179票赞成！韩最新投票结果出来了，朴槿惠提前布局？尹锡悦失声！  反转，反转，再反转！  不得不说，越是临近韩国总统尹锡悦弹劾案宣判，韩国政坛的动荡就越是激烈。  按照此前的消息，尹锡悦弹劾案预计在本周宣判，也就是20日或21日，但截至目前，韩国宪法法院都没有公布最终宣判日期，不出意外的话 ...全文
5147477996997483,首尔第一深情，尹锡悦的歌声怎么样？ 戎耀青春的微博视频 
5147431914965137,尹锡悦出来了，老杜进去了，再加上癞蛤蟆叫嚣，这些有关联么？一个视频搬运工 一个视频搬运工的微博视频 
5146978019444607,中韩外长会晤，韩国外长称，韩国希望能够促成中国在今年11月份访韩，并出席在韩国庆州举办的APEC峰会。 尹锡悦等韩国官员曾多次声称，唯有中国先访韩，韩国总统才会回访中国。 
5147367204719359,#韩国多地进入灾难状态# 尹卡卡在他美国主子山火的时候不是恨不得以身代之吗，这下好了，如他所愿。 
5146368827200857,这电影是韩国哪个邪教赞助的，目的是给尹锡悦的反朝行为造势，不过上映的不是时候，直接赶上了尹锡悦12·3大烂活儿//@V闪闪:好莱坞和西方以及跟班🐶都这么丑化的拍，他们在价值观上否定的国家，真正的历史纪录资料都没有，一切靠电影把刻板印象传递给世界，明明是美军入侵，结果残暴的一方是被入侵国...全文
5146204049245978,#金建希被曝曾说想开枪打死李在明# 【金建希被曝在尹锡悦被捕后，责备警卫人员“带枪有什么用”，还想打死李在明】#金建希被曝责备警卫没开枪阻止逮捕# 据韩联社3月19日报道，据传，韩国警方掌握了总统尹锡悦的夫人金建希女士在尹锡悦被逮捕后提及使用枪支并责备总统警卫处的相关情况。  据警方和检方 ...全文
5146339274655256,#韩国国会通过金建希常设特检案#【韩国国会通过“金建希常设特检案”】当地时间20日，韩国国会举行全体会议，以179票赞成、85票反对的结果，通过了关于尹锡悦夫人的“金建希常设特检案”。  常设特检案将金建希操纵德意志汽车公司股价、收受名牌包、介入第8届地方选举和第22届国会选举、第20届大选舞弊 ...全文
5146324950586127,#韩国将对中国团体游客免签#笑死，是想我们去汉城被尹锡悦的粉丝揍吗？小韩弟国真应该好好读读朝鲜王宣祖的书，要当孝子，不要学日本当逆子啊 
5146303404966911,#尹锡悦就其支持者自焚事件发声#【#韩国再次发生尹锡悦支持者自焚事件#，尹锡悦发声：非常心痛】据韩联社、韩国YTN电视台等韩媒报道，本月7日，一名70多岁男子在首尔一座建筑物屋顶上指责韩国在野党和宪法法院后，撒下印有支持尹锡悦的传单并自焚，最终在医院接受治疗期间身亡。尹锡悦20日就此事向其家 ...全文
5145963569615383,【#李在明穿防弹衣呼吁弹劾尹锡悦#】#有情报显示有人密谋暗杀李在明# 3月19日，韩国首尔，李在明在光化门前举行共同民主党最高委员会会议呼吁弹劾尹锡悦。提及美国将韩国列为敏感国家，他表示必须尽快消除国际社会对韩国的不信任。李在明还指责韩国代总统崔相穆失职。报道称李在明当天穿防弹背心参加会 ...全文
5146316025106413,宪法法院在下周一要先宣告对韩德洙的弹劾案结果，啥时弹劾尹锡悦？宪法大法官们到底要哪样呢？是在等李在明二审的结果后再见机行事吗？共民越来越焦虑，反弹派越来越得意。我觉得得意尚早，尹锡悦不被弹劾韩国没希望。 就这么个乱局，政府要对中国人免签了。虽然是暂时的权宜之策，但也够打脸极右反中 ...全文
5146308152919604,【#韩女议员呼吁弹劾尹锡悦被砸鸡蛋#】3月20日，韩国最大在野党共同民主党举行记者会呼吁弹劾尹锡悦时，一议员遭鸡蛋袭击。约10名共同民主党院内副代表团议员高喊“立即弹劾尹锡悦”等口号，还要求解散“叛乱余党”，即韩国执政党国民力量党。期间有疑似尹锡悦支持者投掷2枚生鸡蛋，其中1枚砸中议员白 ...全文
5146005289045033,个人非常喜欢的一个吃瓜博主，说的一些瓜基本能甩出对应材料，比较少空口白话 我个人有些内容懒得一一去扒的时候会看这个博主的内容开撕金秀贤的【横竖研究所】竟是尹锡悦最爱的自媒体频道？深度解读韩国政坛左右派在韩娱圈的博弈 
5146270034821743,尹锡悦被拘，夫人怒了：“真想开枪打死李在明” 鬼谷子兔爷的微博视频 
5146379786388325,尹锡悦案迟迟不宣判，法院收到200万份请愿书，他到底会否下台？ 照理说事的微博视频 
5146378033695685,#韩国女议员呼吁弹劾尹锡悦时被砸鸡蛋#【韩国一女议员呼吁弹劾尹锡悦时被砸鸡蛋 怒问：“是谁扔的！”】据韩媒报道，3月20日，韩国最大在野党共同民主党举行记者会呼吁弹劾尹锡悦时，有疑似尹锡悦支持者投掷2枚生鸡蛋，其中1枚砸中议员白惠莲的额头。白惠莲生气大喊：“是谁扔的？必须抓住他！”  ...全文
5146366881303020,#金赛纶家人边取证边等金秀贤回应#金赛纶家人的采访视频，那7亿韩元是猎犬电视剧的赔偿，其它的金赛纶已经努力还清了。这部电视剧金赛纶拍到只剩最后三集，之后正常上映且没有删掉金赛纶出演的任何部分，金赛纶也没听说过欠这笔钱。金秀贤公司催账用的是韩国数一数二的律所，尹锡悦之前那家，给了一年 ...全文
5146285363695382,周一上午，北京时间9点，弹劾总理案宣判。  消息人士：本周不会发布总统尹锡悦弹劾案的宣判公告（也就是说，不是下周一或者周二宣判）   1. 國會彈劾程序是否合法。韓德洙擔任代總統時唄罷免。彈劾總統需要國會2/3議員贊成才可以，彈劾總理只需要國會1/2以上醫院贊成即可。這次彈劾韓德洙，國會 ...全文
5146228710970650,【#尹锡悦支持者向在野党议员怒砸鸡蛋#】3月20日，韩国最大在野党——共同民主党议员们在首尔宪法法院前召开记者会，敦促尽快宣判尹锡悦弹劾案。其间，一名疑似尹锡悦的支持者向现场投掷鸡蛋，砸中一名议员脸部，而后她脸上挂着残留的蛋液继续面对媒体。  共同民主党国会政策首席副代表金容民（音）表 ...全文
5146264886839747,尹锡悦弹劾案宣判或将推迟到下周……李在明：应迅速罢免，结束混乱局面 : 韩民族日报  网页链接 由于宪法法院对总统尹锡悦弹劾案的宣判比预期延迟，敦促迅速宣判的共同民主党对宪法法院施压力度也随之加大。截至19日宪法法院仍未公布宣判日期，有观点认为是否罢免尹锡悦的决定可能会推迟到 ...全文
5146252711037748,#警卫没有开枪保护尹锡悦惹怒金建希# #尹锡悦弹劾案迟迟未公布宣判日期#【尹锡悦被拘，夫人怒了：“真想开枪打死李在明”】据韩媒报道，韩国检警19日称，韩国总统尹锡悦被拘留后，其夫人金建希曾斥责总统警卫处工作人员在阻止尹锡悦被拘留时未使用枪支。  警察厅特别侦查组17日提请检方对总统警卫处处 ...全文
5146247166431184,【#韩各界提交尹锡悦弹劾案请愿书超200万份#】 据韩联社援引法律界消息，从尹锡悦弹劾案辩论结束的2月25日至今，政界、学界和民间组织向宪法法院提交的该案相关请愿书超过200万份。其中包括执政党国民力量方面两次提交请愿书，呼吁宪法法院驳回尹锡悦弹劾案。最大在野党共同民主党方面11日发送联名信和 ...全文
5146236043919736,#金建希被曝曾说想开枪打死李在明# 【金建希被曝在尹锡悦被捕后，责备警卫人员“带枪有什么用”，还想打死李在明】#金建希被曝责备警卫没开枪阻止逮捕#   据称，金女士在今年1月15日针对尹总统的第二次逮捕令执行后，对警卫处职员表示：“带着枪有什么用？不就是为了阻止这种事才带着枪的吗？” ...全文
5146206062248434,#韩国高度戒备等待尹锡悦弹劾案宣判日#【部署2万警力！韩国高度戒备等待尹锡悦弹劾案“宣判日”】综合韩联社、韩国《京乡新闻》等韩媒19日的报道，韩国警方将于尹锡悦弹劾案宣判当天在全国主要城市部署338支机动队，共2万余名警员，其中210支机动队的1.4万人将被部署在首尔市中心区域。因宪法法院迟迟 ...全文
5146230322892958,《尹锡悦弹劾案迟迟不宣判，与代总统息息相关，为啥不弹劾崔相穆？》韩国宪法法院迟迟不宣判尹锡悦弹劾案，不知是否在等待崔相穆任命马恩赫。如果尹锡悦被成功弹劾，崔相穆还不能被成功弹劾吗？网页链接 
5146207467604042,尹锡悦宣判，韩国如临大敌！！！  韩国警方将于尹锡悦弹劾案宣判当天在全国主要城市部署338支机动队，共2万余名警员，其中210支机动队的1.4万人将被部署在首尔市中心区域。  在弹劾案宣判当天，法院附近的安国地铁站将实施封站。周边的光化门站和景福宫站等地铁站可能将根据具体情况实施跳站运行。韩国 ...全文
5145953824936367,#韩检方起诉强闯中国驻韩使馆男子#  【韩媒：企图强闯中国驻韩国大使馆男子被逮捕起诉】据韩联社援引韩国法律界19日消息，日前身穿漫威电影人物“美国队长”服装企图强闯中国驻韩国大使馆和警察署的40多岁男子安某已被逮捕起诉。  报道称，首尔中央地方检察厅刑事二部17日以涉嫌非法入侵建筑物未遂、损 ...全文
5146214501712448,韩国检方搜查首尔市长吴世勋办公室及住宅  当地时间20日，韩国检方就政治掮客明泰均相关嫌疑对首尔市长吴世勋的办公室及住宅展开扣押搜查。  2月27日，韩国国会在占据多数议席的共同民主党主导下通过相关法案，要求任命特别检察官调查尹锡悦夫妇和政治掮客明泰均涉嫌介入韩国国会议员选举的内幕。一段 ...全文
5146204967798861,【传韩第一夫人斥警卫处阻止尹锡悦被拘时未用枪】据韩国检警19日消息，总统尹锡悦1月被拘留后，其夫人金建希斥责总统警卫处工作人员在阻止尹锡悦被拘留时未使用枪支。网页链接 #韩国时局# 
5146203071711266,尹锡悦弹劾案迟迟不宣判，与代总统息息相关，为啥不弹劾崔相穆？ - 作者：毛开云，网页链接 （想看更多？下载 @知乎 App：知乎 ） 
5146030085514383,韩国最大在野党党首#李在明穿防弹衣呼吁弹劾尹锡悦# 观察者网的微博视频 
5146000595355950,#破解统一难题# 美国弃台是必然的，但不代表中国所受的损失就会比较小，从更宽广的视野看，解决台湾问题是一场“中国 vs 美国富人阶级”的斗争。 “台独纳粹化”，大陆该怎么办？ 
5146023794574697,韩国通过了《金建希常设特检案》，全称是《为查明尹锡悦总统配偶金建希操纵股价事件等真相的特别检察官调查要求案》。 
5146044799123974,#曝金赛纶在海外结婚# 李镇浩今日曝光一段录音，今晚横竖研究所暂停在直播中爆料金赛纶相关，还特意做了中英韩日四国语言的说明，强调不是频道偃旗息鼓而是要跟进更重要的尹锡悦弹劾审判新闻。是金赛纶与新经纪公司经纪人的对话，录音中金赛纶承认自己2025年1月8号在美国结婚。 
5145826570011717,#李在明遭暗杀威胁#【局势紧张，#韩警方对李在明贴身保护#】据韩国《中央日报》18日报道，韩国宪法法院计划在本月20日或21日对总统尹锡悦弹劾案进行判决，预计最迟在19日公布宣判日期。而随着尹锡悦弹劾案宣判日期在即，韩国的气氛也愈发紧张。  韩联社称，据韩国警方人士透露，警方已从18日下午开始对 ...全文
5146030854380529,【对尹锡悦的弹劾审理宣判一拖再拖，韩国执政党内部洋溢着一种弹劾可能被驳回的乐观气氛。】3月19日，综合韩联社等多家韩媒报道——鉴于韩国宪法法院截至当日并没有在下班前的下午6点之前公布弹劾审判的宣判日，意味着实际上宣布决定的时间将推迟到本月23日的下周以后。因为据有关说法，如果要在21日宣 ...全文
5146021505795797,尹锡悦挽救了东亚！韩国的紧急戒严令令，挽救了东亚和平！现在，迎来了发展的契机！  18日，中日韩分别宣布，将于3月22日在东京举行三国外长会谈的消息。  届时，将商讨在经济、人文交流、少子化对策等方面加强合作。  日本外相岩屋毅，还在记者会上透露，22日除了举行中日、日韩双边会谈外，还将举行 ...全文
5146020675061347,【极右翼“魔教”为何能“夺舍”韩国重要政治人物？】常洛闻：韩国基督教人口超过30%，一度有非官方统计称超过50%。加上前文讲到，韩国出于对言论自由保护，而对宗教集会、传播管制宽松的社会背景，导致宗教已经成为极端政治团体的庇护，而且随着韩国经济、社会、民生下行，社会怨气加重，宗教外衣掩盖 ...全文
5145499145865775,尹锡悦粉丝指责中国渗透韩国，然后举起了美国国旗。。。。 
5145952713181698,#企图强闯我驻韩使馆男子被逮捕起诉# 【韩媒：企图强闯中国驻韩国大使馆男子被逮捕起诉】据韩联社援引韩国法律界19日消息，日前身穿漫威电影人物“美国队长”服装企图强闯中国驻韩国大使馆和警察署的40多岁男子安某已被逮捕起诉。  报道称，首尔中央地方检察厅刑事二部17日以涉嫌非法入侵建筑物未遂、 ...全文
5145988659155047,【韩宪院未通告#尹锡悦弹劾案#宣判日 判决或推至下周】#韩国时局#韩国宪法裁判所（宪法法院）19日未公布总统尹锡悦弹劾案的宣判日期，因此该案宣判可能推延至下周。网页链接 
5145896854226201,#尹锡悦弹劾案宣判日警方将发甲级紧急令#【韩警方将在尹锡悦弹劾案宣判日向全国发布“甲级紧急令”】据韩联社等韩国媒体19日报道，韩国警方将于尹锡悦弹劾案宣判当天在全国部署338支机动队，共2万余名警员，其中1.4万人将被部署在首尔市中心区域。  报道说，韩国警方还将在尹锡悦弹劾案宣判当天面向全 ...全文
5145924234906259,开撕金秀贤的「横竖研究所」竟是尹锡悦最爱的自媒体频道？深度解读韩国政坛左右派在韩娱圈的博弈。  cr：bilibili 马鸽Jo  #金秀贤##尹锡悦##横竖研究所##金秀贤迪士尼新剧片酬144亿##韩网友说金秀贤太温柔了# _清香集的微博视频  
5145916325236262,【#李在明现身光华门敦促审判尹锡悦# 】韩国最大在野党共同民主党党首李在明19日在光化门召开现场会议，敦促宪法法院尽快对尹锡悦总统的弹劾案做出判决。他强调：“要想证明韩国仍是一个健全的国家，必须尽快消除国际社会的不信任。” 李在明还批评韩国在国际上的影响力下降，指出美国国防部长皮特·黑 ...全文
5145915871727053,【企图强闯中国驻韩使馆男子被逮捕起诉】#韩国时局# 据韩国法律界19日消息，日前身穿漫威电影人物“美国队长”队服试图强闯中国驻韩大使馆和警察署的总统尹锡悦支持者安某被逮捕起诉..网页链接 
5145895299191371,#尹锡悦案宣判日韩部署2万余名警员#【#尹锡悦案宣判日警方部署338支机动队# 】据韩联社等韩国媒体19日报道，韩国警方将于尹锡悦弹劾案宣判当天在全国部署338支机动队，共2万余名警员，其中1.4万人将被部署在首尔市中心区域。　　  报道说，韩国警方还将在尹锡悦弹劾案宣判当天面向全国发布“甲级紧急令 ...全文
5145628296350510,【韩检方提请法院批捕两名总统警卫处高干】#韩国时局# 韩国检方18日提请法院批捕涉嫌阻碍执行拘留总统尹锡悦的总统警卫处次长金成勋（音译，下同）和警卫本部长李光雨..网页链接 
5145618437116173,#量化对冲基金#韩国代理总统崔相穆：呼吁公民接纳并尊重即将作出的关于被弹劾总统尹锡悦的宪法法院裁决。 韩国代理总统崔相穆：下令采取彻底措施以控制房地产价格。 传谷歌拟逾300亿美元收购资讯安全公司Wiz 3月18日讯，路透援引知情人士报道，科技巨擘谷歌母公司Alphabet(GOOG.O)正就收购以色列资讯安 ...全文
5145587008671047,##新星闪光计划##微博新知##透过财经看世界##热搜知识局# 韩国的政局之所以这么混乱，除了跟他们内部的，比如左翼右翼有关系，也跟韩美关系是有关系的 靳卫萍老师的微博视频 
5145580796379339,评论区洗地的粉丝包括哎一股皮下睁眼看世界别看到哥哥锤得不动弹了就拿横竖研究所和韩国zz说事，支持横竖锤ltp等于支持尹锡悦这种论调说出来给别人扣帽子真是有够无耻，还以为现在的网民是以前那样一句优衣库不用新疆棉就会被轻易煽动的吗反ltp无论在哪个国家都是正确的选择...全文
5145530683886759,这么一说，晓马科斯此举跟尹锡悦的戒严令有得一比。
5145338541249473,#尹锡悦弹劾案本周宣判#尹锡悦，宣判时间预计为20日或21日，终于要大结局了。 
5145509514709733,3月18日，星期二，二月十九！  在这里，60秒读懂世界！  1、浙江：建立实施生育补贴制度，鼓励有条件的地方发结婚消费券；  2、2024年全球风机排名出炉：中国企业包揽前四，金风再登顶；  3、经合组织下调今明两年全球经济增长预期；  4、菲律宾参议院将调查杜特尔特被拘留一事；  5、台当局“台北联络 ...全文
5145497321605504,韩外交部：美国因研究所安全问题将韩国列为敏感国家，并非外交政策问题 : 韩民族日报 网页链接 韩国政府于17日就美国能源部将韩国列入“敏感国家及其他指定国家名单”一事表示，经与美方确认，此举出于对能源部下属研究机构安全管理问题的考量，并非外交政策方面的问题。  韩国外交部发言 ...全文
5145274508382641,在美国能源部将韩国列入“敏感国家”名单后，韩国代理总统崔相穆17日呼吁避免对与美国的科技和能源合作造成任何负面影响。报道称，美国能源部没有解释为什么韩国被列入名单，但该部门发言人表示，韩国在科技领域双边合作上未面临新的限制。 根据韩国财政部转发的声明，崔相穆呼吁韩国各机构积极促进与 ...全文
5145474428308486,#尹锡悦弹劾案本周宣判#的相关内容，来智搜看看！ #AI兴趣创作计划##AI创造营##微博智搜热点创作大赛#  韩国总统尹锡悦的弹劾案自2024年12月14日由国会提交至宪法法院以来，已历经数月审理，刷新了韩国总统弹劾案审理时长的历史纪录。本周（2025年3月20日或21日），宪法法院预计将对此案作出最终裁决， ...全文
5145622325499331,韩国检方对妨碍对尹锡悦执行逮捕令的总统警卫处次长金成勋和警卫本部长李光宇申请了拘捕令。  金建希刚刚和尹锡悦团聚，又要失去金成勋了。 
5137900150984055,【韩国总统夫人金建希的淑明女大论文被坐实抄袭，或将被取消学位】  韩国淑明女子大学民主同门会方面今日表示：“虽然在收到学校方面的抄袭率等信息前，不想决定是否提出异议申请。但即使要求进行追加说明，校方也没有答复”，“所以为了尽快进入下一阶段，决定不提出异议申请。”  虽然民主同门会的异 ...全文
5137977439162759,#微博新知# 最终审判时间越来越近，尹锡悦在紧要关头遭韩德洙背刺。韩国政坛已乱成一锅粥，右翼势力妄图逼中国买单。 吴学兰的微博视频 
5138020837623426,【视频】决定韩国总统尹锡悦政治命运的弹劾案今天在宪法法院进行最后一场辩论，预计法院将在3月中旬宣布判决。 网页链接  #8worldnews##8视界新闻网# 
5137997322523134,#尹锡悦代理律师播放李在明翻墙视频#【尹锡悦弹劾案最终辩论！律师称应参考特朗普此前所享豁免权】#尹锡悦律师援引特朗普享豁免权裁定#2月25日，南都记者获悉，韩国宪法法院尹锡悦弹劾案庭审第十一场公开辩论开始进行。这是此次弹劾案的最后一次辩论，截至当地时间15时30分左右，本应出席的尹锡悦尚未 ...全文
5137968753018962,【2025年2月25日#韩联社要闻简报#】▲韩国一高速公路在建桥梁坍塌致4死6伤▲韩国央行下调基准利率0.25个百分点至2.75%▲尹锡悦弹劾案庭审最后一场辩论开始▲韩国2023年工薪岗位收入仅增2.7%..网页链接 
5137965372408867,【#尹锡悦离开拘留所参加辩论#】当地时间25日，被拘留的韩国总统尹锡悦从首尔拘留所出发前往韩国宪法法院，准备出席弹劾案庭审第十一场公开辩论做最终陈述。  当地时间25日14时，韩国宪法法院尹锡悦弹劾案庭审第十一场公开辩论开始进行。按照安排，当天首先对证据进行调查，之后国会和尹锡悦方将展开综 ...全文
5137953736885329,【 #尹锡悦弹劾案举行最后一场辩论# 】韩国总统尹锡悦弹劾案庭审的第11场、即最后一场辩论25日下午在韩国宪法法院举行。下午2时辩论开始时，尹锡悦尚未离开关押地首尔拘留所。根据安排，法庭当天首先进行证据调查和双方代理人团各两个小时的最后辩论，然后听取国会弹劾委员团团长郑清来和尹锡悦本人的 ...全文
5137951778149675,#韩国一高速桥梁倒塌4死6伤#【#韩国消防称2名中国工人遇难#2025年2月23日，韩国庆尚北道一座高速桥梁发生倒塌，造成4死6伤。  事件详情  ● 桥梁信息 该桥梁位于韩国庆尚北道，建成于1979年，是连接大邱市和庆州市的重要交通枢纽，全长约1.5公里，宽约25米。  ● 事件经过 23日凌晨，一辆载有10人的面 ...全文
5137905675141314,【#韩国总统尹锡悦弹劾案最终庭审辩论#】韩国宪法法院宣布，将于25日结束对总统尹锡悦弹劾案的庭审辩论，宪法法院将在当天听取控辩双方的最终辩论和当事人最终陈诉，备受关注的尹锡悦弹劾案或在3月宣判。#看看全球眼直播# 看看新闻KNEWS的微博直播 
5137897439366654,【#尹锡悦弹劾案最终辩论今日举行#】据韩联社报道，当地时间2月25日，韩国宪法裁判所（宪法法院）将举行总统尹锡悦弹劾案庭审的最后一场辩论。尹锡悦将通过最后陈述发出何种信息，尤为引人关注。辩论终结后，宪院法官们将经评议裁定弹劾与否。之后，主审法官按照多数意见起草判决书，再补充少数意见最 ...全文
5145271378906110,#美将韩国列为敏感国家后美防长推迟访韩#【美国防部长推迟首尔之行 原因或为韩领导层真空】据彭博社17日报道，美国国防部长赫格塞思推迟了他本月访问首尔的计划。彭博社指，访问推迟的原因在于尹锡悦去年12月3日突然发布紧急戒严令后，韩国持续遭受政治不确定性。  韩国国防部发言人3月17日在例行记者 ...全文
5145262524728730,韩被列为敏感国家，怪特朗普？不，恰恰是尹锡悦太夸张让拜登生气#韩国被列为敏感国家# 照理说事的微博视频 
5145255913979984,尹锡悦将返回总统官邸 被罢免的尹锡悦已入狱约两个月，现已出狱。离开看守所时，他微笑着向大声欢呼的支持者鞠躬致意。 #韩国##韩国总统罢免# skyhp2023的微博视频 
5145224881635441,【惨遭拜登背叛！#美国将韩国列为敏感国家#】韩国尹锡悦政府外交路线偏向「亲美友日」。尹锡悦2023年访问美国白宫时，不仅当着时任美国总统拜登的面唱起歌曲《美国派》，当时更共同发表《华盛顿宣言》、成立核磋商小组（NCG）。岂料，在尹锡悦遭到弹劾停职后，美国能源部将韩国列为「敏感国家」，且是 ...全文
5145223856391352,韩德洙弹劾案极有可能被驳回，尹锡悦弹劾案极有可能获通过 - 作者：毛开云，网页链接 （想看更多？下载 @知乎 App：知乎 ） 
5145211506000468,【韩五大在野党申请各国议会联盟调查戒严事件】韩国五大在野党17日表示，将向各国议会联盟（IPU）申请调查“12·3紧急戒严事件”。网页链接 #韩国时局##戒严##尹锡悦# 
5145210548389598,【新闻分析】韩国被美国列为敏感国家，保守派核武装论•戒严令引发的“外交灾难” : 韩民族日报 网页链接 美国政府证实将韩国列入可能限制核能和人工智能(AI)等尖端技术合作的“敏感国家”名单，此事引发了轩然大波。美国将盟友韩国指定为敏感国家的决定性原因似乎是尹锡悦政府上台后韩国 ...全文
5145195022388718,【#韩媒预计尹锡悦弹劾案本月20日或21日宣判#】韩联社17日援引韩国法律界消息报道，预计韩国宪法法院将于本周晚些时候即20日或21日，对总统尹锡悦弹劾案宣判。  报道指，宪法法院通常会在宣判日两到三天前，向当事方通知宣判时间。截至目前，宪法法院尚未向国会和尹锡悦方面通告宣判日期。报道又指，由 ...全文
5145190097753242,【#美国能源部将韩国列为敏感国家#，韩美同盟将受何影响？】在韩国总统尹锡悦弹劾案即将迎来最终结果的关键时刻，韩国与美国的关系又出现些许变数。  据央视新闻报道，美国能源部当地时间14日确认，美国政府于2025年1月初将韩国列入“敏感国家及其他指定国家名单”（Sensitive and Other Designated Co ...全文
5144830409965644,#杜特尔特预计拘留一年# 菲律宾前总统杜特尔特被强行押上飞机前往荷兰海牙国际法庭，副总统女儿莎拉强烈不满追赴欧洲，儿子市长下最后通牒，老杜全家掀桌子，恩将仇报的小马科斯真要鱼死网破吗？  事至今日，菲律宾军方、民意已经明确反对小马科斯赶尽杀绝的做法，如果小马科斯还要一意孤行，不给自己 ...全文
5145166806256814,【#尹锡悦弹劾案或于本周宣判#】#尹锡悦刷新韩总统弹劾案最长审理纪录# 据韩联社报道，韩国法律界17日消息称，预计宪法裁判所(宪法法院)将于本周后期(20日或21日)对总统尹锡悦弹劾案宣判。报道称，尹锡悦弹劾案已刷新韩国总统弹劾案的最长审理纪录。该案庭审辩论程序2月25日结束后，宪院近三周来几乎每 ...全文
5144909067060471,中午吃飯時，我哥在跟我討論，關於最近韓國演藝界的新聞，是不是又是韓國政府刻意搞出來，掩蓋尹錫悅被放出來，而又要審判的新聞。 我哥那出他用chatgpt討論出來的答案，將近九成機率是韓國政經體系搞出來的。 是啊，這樣解釋最合理 會發現很簡單，3.8日尹被放出來，早在上個月就死的金賽倫的新聞，突 ...全文
5145131925637216,#韩执政党称将接受尹锡悦弹劾案判决#韩国宪法法院预计近期将对总统尹锡悦弹劾案作出裁决。韩国执政党国民力量党院内代表权性东3月16日表示，国民力量党的官方立场是“接受宪法法院判决结果”。权性东同时敦促最大在野党共同民主党党首李在明公开声明服从判决结果。他表示，如果共同民主党方面同意，国 ...全文
5145104365650916,韩国国民力量党好像有了信心，尹卡卡官复原职的可能性大了 
5144824237524372,韩国首尔的集会，分为要求尹锡悦回归和要求弹劾尹锡悦两场。 
5145123701394283,【尹锡悦弹劾案或于本周后期宣判】（韩联社）  韩联社首尔3月17日电 据韩国法律界17日消息，预计宪法裁判所（宪法法院）将于本周后期（20或21日）对总统尹锡悦弹劾案宣判。  宪院指定宣判日期时通常会在宣判日两到三天之前向当事方通知具体时间。截至目前，宪院尚未向国会和尹锡悦方面通告宣判日期。有 ...全文
5145115607436848,随着尹锡悦“重获自由”，韩国执政党国民力量党的民调实现反超，力压李在明所在的共同民主党，跃居第一。与此同时，共同民主党称李在明收到了死亡威胁。包括领导层在内的该党多名议员，都收到了内容为“有关于走私俄罗斯制手枪，以暗杀李在明的计划”的短信。 李在明要遭暗杀？尹锡悦弹劾案宣判前，执政党与韩军出现反常举动 
5145098137897903,《尹锡悦绝地反杀？首尔水炮车零下开火！华尔街收割真相》光化门广场这两天可热闹了，穿黑衣服和红衣服的两拨人跟两股岩浆似的互相较劲。网页链接 
5144982747611915,感觉微博很多营销号都没说清楚，横竖研究所是个啥它并不是一个娱乐圈狗仔账号，23年频道前记者的去世和金秀贤也没啥关系 这个博主整理得还是挺清楚的：  8.79 去抖音看看【马鸽Jo的作品】开撕金秀贤的【横竖研究所】竟是尹锡悦最爱的自媒体频... 网页链接 Y@z.TL 12/04 Wm:/ 
5144951969285127,死皮赖脸赖在那个位子有啥意思？3月14日，在首尔钟路区的光化门附近，市民举行示威活动，要求立即罢免总统尹锡悦。 韩联社 
5144790635118914,『横竖研究所就是为尹锡悦站队致力于反华拿金秀贤开刀让所有人看看他认为的亲中演员被他整的下场，这些天网络骂战整齐划一仿佛有人指挥一样指哪打哪』——好精彩！ 
5144925035038256,发布了头条文章：《关系变质！美国将韩国列为敏感国家》 #APD亚太日报消息#  关系变质！美国将韩国列为敏感国家 
5144924639989344,【关系变质！美国将韩国列为敏感国家】 据路透社报道，美国能源部发言人周五确认，在韩国被弹劾总统尹锡悦短暂实施戒严令以及该国可能发展核武器的传言传出后，美国已将韩国列入“敏感国家”。 美国能源部表示，今年1月份，时任总统拜登离任前不久将韩国列入“敏感国家及其他指定国家名”的最低级别范 ...全文
5144255291460655,我前面说过，尹锡悦政变，菲律宾内斗，本质都是一样的，都是在美国的压迫之下，找不到出路，只能内爆，其实和韩国，菲律宾一样境况的还有日本，还有那个蛙岛，所以，我们看到蛙岛问题开始升温，只有两个结果，要么内爆，要么开战，没有第三条路，除非特朗普投降。  这里就能看到日本人的老辣，不愧是老 ...全文
5144886470774268,开撕金秀贤的【横竖研究所】竟是尹锡悦最爱的自媒体频道？ 深度解析韩国左右派在娱乐圈的博弈 #金秀贤##金秀贤代言被撕#cr马鸽Jo 笑圈少女的微博视频 
5144850232774422,韩国民众诉求弹劾解职尹锡悦的大游行 UFO启示的微博视频 
5144822956430146,【正午短评：尹锡悦弹劾案宣判为何一拖再拖？】尹锡悦弹劾案结束辩论阶段后，审判却一拖再拖，有望刷新耗时纪录。原因大概率在于韩国宪法法院内部8名大法官分歧严重。#尹锡悦弹劾案 深圳卫视正午看天下的微博视频 
5144822869393889,【#担忧研发核武器 美国能源部将韩国列为“敏感”国家#】在韩国总统尹锡悦短暂实施戒严和首尔可能研发核武器的说法传出后，根据美国能源部发言人星期五(3月14日)的说法，美国能源部已将盟友韩国列为“敏感”国家名单中。  美国能源部在书面回复路透社询问时表示，今年1月，时任总统乔·拜登(Joe Biden) ...全文
5144203488662363,#韩娱地震#  韩娱三天一小震五天一大震，尹锡悦震完金秀贤震，不知道以为韩娱建在日本 
5144534002699401,尹锡悦被抓了又放出来了，算不算现总统啊？他们当时还找了三个还是四个代总统，现在尹出来了，还继续代吗？他们家到底现在谁当家啊。//@ApolitJean:所以现在韩国的总统是谁啊
5144511803294786,#美国把韩国列入敏感国家，对于韩国来说是不是灭顶之灾#的相关内容，来智搜看看 韩国被美国列入敏感国家，导致韩国经济可能受到打击，韩国总统尹锡悦事件还未平息，再次来敏感国家划分，对韩国来说是否有点雪上加霜，不过有没有一种可能美国是为尹锡悦脱困做准备呢，值得大家深思#AI兴趣创作计划#   ...全文
5144559669215312,《韩政坛变了，73岁朴槿惠复出，我国获得邀请，尹锡悦“遭遇报应”》韩国政坛最近真是炸开了锅。73岁的朴槿惠偏偏在这个时候露面，喊着要团结国民力量党，大家心里明白，这实际上是保守派的最后一击。网页链接 
5144559243759436,3.33 复制打开抖音，看看【马鸽Jo的作品】开撕金秀贤的【横竖研究所】竟是尹锡悦最爱的自媒体频... 网页链接 VLW:/ 12/26 X@m.dn   很值得一看的视频，讲清楚了爆料金秀贤事件的横竖研究所实为小韩右派支持者构成，这个媒体的主要资金支持来源也是韩国右派，因此像d社一样被收买的可能性会 ...全文
5144184336679889,尹锡悦：罢免/复职。李在明：当选/入狱。韩国代行总统崔相穆驳回明泰君特检议案。#韩国局势##半岛局势# 潇洒友A的微博视频 
5144529539960602,我现在确定上台bp的是尹锡悦不是尹成荣，尹成荣已经汉江水面漂浮了 
5144528592047255,反转来了？获释还不到1周，尹锡悦就迎好消息，韩法院驳回2弹劾 #微博新知# #热搜知识局# 媒体人解飞的微博视频 
5144520964181939,#美国正式确认将韩国列入敏感国家# 所谓“敏感国家”，说白了就是这只狗的忠诚度被怀疑了。这里边有两方面的因素，一个是尹锡悦这个美国一手扶植起来的奴才被弹劾、关押，现在虽然在美国的影响下放出来，权力已经失去。在美国看来，韩国这就属于造反行为。  另一方面，美国从战略上正在从第一岛链撤退 ...全文
5144518090558537,#美国正式确认将韩国列入敏感国家# 不久前，尹锡悦总统曾经说要发展核武器，于是拜登政府把韩国列入了这个敏感名单。 这样韩国就完全无法从美国得到与核武器相关的任何软硬件，或者服务，比如浓缩的核材料。 目前不太清楚为什么特朗普政府还要坚持继续把韩国列入这一名单，可能是想要在贸易等方面敲诈 ...全文
5144515079569703,#美国正式确认将韩国列入敏感国家# 是不是在帮助尹锡悦？ 给韩国压力，让他们赶快结束国内纷争，处理国际问题。 而能处理好国际问题的，还是尹锡悦呀。 但是韩国也是法制社会，要等最高院判决弹劾是否合法。 
5144499299811717,#美国正式确认将韩国列入敏感国家#？  这个是什么操作？ 原来美国能源部当地时间3月14日正式确认，今年1月已将韩国列入“敏感国家”名单。这一操作可能有以下原因：   - 核问题考量：韩国国内近来以政界和保守势力为主流的“核武装论”有所抬头。美国能源部负责核能产业到核武器所用核材料的事务，“敏 ...全文
5144470416787847,#美国正式确认将韩国列入敏感国家#。目前，被列入名单的只有中国、俄罗斯、叙利亚、朝鲜。 韩国能有这样的待遇也是不容易啊。看来特朗普准备向韩国征收保护费了，毕竟韩国是美国的赚钱机器嘛。尹锡悦不是出来了吗，可以去觐见特朗普了。不过现在特朗普正忙着#俄乌冲突# 的事呢，估计没啥时间  ...全文
5144468408503722,#美国正式确认将韩国列入敏感国家#从当前局势来看，美国将韩国列入“敏感国家”名单可能有多重目的：   1⃣经济层面：近年来，韩美贸易顺差不断扩大，2024年韩国对美国的贸易顺差达到创纪录的557亿美元 。特朗普上台后推行“美国优先”政策，对贸易问题极为关注。将韩国列入名单，限制两国在核能、人工 ...全文
5144247554277571,发布了头条文章：《杜特尔特早有预感，为何选择自投罗网？小马科斯这回惹上大祸》 杜特尔特早有预感，为何选择自投罗网？小马科斯这回惹上大祸 
5144162526825463,#金秀贤##金赛纶# 横竖研究所开始直播了。说了一句，今天不公开金秀贤在金赛纶家里洗碗照，家属不同意公开，还在说服。现在，直播开始谈“尹锡悦弹劾案”了，批宪法法院法官已经变质了，要求恢复尹锡悦职权。。。 
5144049455991706,#金秀贤请的三个顶级律师#金秀贤在涉及金赛纶的债务纠纷中，通过经纪公司Gold Medalist委托韩国知名律所L.K.B &amp; Partners的三位资深律师（김종복、방성훈、최연정）处理催款事宜。该律所以诉讼能力著称，曾参与韩国前总统尹锡悦弹劾案等重大案件。  根据金赛纶母亲的指控，这三位律师在2023年3月代理Go ...全文
5144136401032167,应该去坐牢的金棒子这事出来在热搜拉满屎咋没人说是为了给尹锡悦被释放转移注意力的 
5144184936992738,【韩宪院未通告总统弹劾案宣判日期 下周中后期或宣判】#韩国时局##尹锡悦弹劾案# 韩国宪法裁判所（宪法法院）14日未向总统尹锡悦弹劾案的申请方和被申请方通告宣判日期。据此推测，弹劾案判决结果可能于下周中后期出炉... 网页链接 
5143811115978964,韩女在白色情人节最想收到的礼物第一位： 
5144156223310758,尹锡悦迎重大利好，弹劾案可能不过关，他能咸鱼翻身再当总统吗？ 照理说事的微博视频 
5144094804542224,#金秀贤承认与金赛纶恋情# 这个小眼睛的개새끼颇具韩国总统所需要的一切素质。 未来可以接小尹锡悦的班了。 
5144144801172185,#微博新知# 尹锡悦获释后，向韩国社会说出一句话，李在明迎来生死局，为什么说3月的韩国政坛在关键十字路口？ 吴学兰的微博视频 
5144088501816391,《编号17》里的大反派马歇尔，无需太多时政常识，都能一眼看出，是在影射川普。当然对韩国观众而言，把他看作尹锡悦，还要更有代入感。毕竟在他身边还有个恃宠而骄的妻子。当然，无论看作谁，马歇尔无疑都是个右翼民粹狂人形象。性格乖戾、洋相百出，但莫名其妙具有煽动力。  这个形象很无趣。最大问题 ...全文
5144126769332451,【韩警方将在尹锡悦弹劾案宣判日发布最高级警戒令】#韩国时局# 韩国警方14日表示，将在总统尹锡悦弹劾案宣判当天发布最高级别的警戒令“甲级紧急令”，动员所有警力全力维护..网页链接 
5144125688778802,【#韩国局势# ｜尹锡悦弹劾案最快下周宣判，代总统：动员全部警力维持社会治安】 韩国宪法法院将对尹锡悦总统弹劾案作出裁决，并可能创下历任总统弹劾案中审判耗时最长的纪录。据《韩联社》报道，韩国宪法法院截至昨日（13日），仍未向当事方通知总统尹锡悦弹劾案的宣判日期。  报道指，宪法法院于2月2 ...全文
5144110185056829,【韩国总统尹锡悦弹劾案最早下周一宣判结果】 韩国总统尹锡悦的弹劾案最早可能在下星期一宣判结果。韩国代总统崔相穆呼吁人民尊重并接受任何裁决结果，并表示政府将尽可能在法院周围动员所有警力加强应对，绝不容忍任何挑战公共权威的行为。 网页链接 #8视界新闻网##8worldnews# 
5143848103712474,韩国国国土交通部发布航行通告，要求从13日零时到19日晚11时59分，首尔钟路区的法院方圆1.85公里的空域被划定为临时禁飞区，禁止无人机等一切飞行器在法院大楼附近飞行。  现在基本上可以确定，尹锡悦就在这几天之内宣判了，韩国现在如临大敌，如果判尹锡悦有罪，怕尹锡悦的支持者闹事，如果判尹锡悦无 ...全文
5144092510519809,大国之战——赖清德宣布军事审判  2025年3月13日中国台湾省赖清德宣布军事审判 清洗支持统一的党派和爱国人士将会引发岛内民众强烈反抗 这是穷途末路垂死挣扎的表现 从韩国尹锡悦到菲律宾马科斯再到中国台湾省赖清德   这些跳梁小丑最后都没有好下场  此前已经说过 赖清德想要变成第二个泽连斯基 他没 ...全文
5143765111275580,说到做到哦 
5144084520895269,#尹锡悦弹劾案或下周宣判#据韩联社今天（3月14日）报道， 截至当地时间3月13日晚，韩国宪法法院仍未向当事方通知总统尹锡悦弹劾案的宣判日期。目前预计弹劾案宣判结果最快也要到下周、很有可能下周后半期才能出炉。而如果法官们就个别争论焦点存在意见分歧，也不排除宣判再延期的可能性。     2024年12 ...全文
5144064840960150,只为尹锡悦一人人权的检方……调查组的抗告意见又被无视，大检察厅强行放弃抗告 : 韩民族日报  网页链接 在法院行政处处长(大法官)千大烨提出“有必要提起抗告”的建议一天后，大检察厅13日再次表示“检方的立场没有改变”，即不会对法院作出的取消拘留总统尹锡悦的裁定提起抗告。尽管大法 ...全文
5125371990903332,韩民族日报观点 ……………………  “被边缘化”的信念与“新极右翼联盟”的动力【紧急诊断】  2025年1月19日凌晨3点，韩国首尔麻浦区西部地方法院外传来了一则消息：尹锡悦总统的拘捕令获批。消息传出后，约300名尹总统的支持者群情激愤，闯入法院大楼，砸毁大门和设施，将法院弄得一片狼藉。当场有90 ...全文
5125362011080501,&quot;戒严日，90人被关押&quot;的报道…9天后变成了&quot;中国间谍被押送&quot; [追踪假新闻全貌]  虚假报道如何传播 2025年1月16日下午，在宪法法院的弹劾审判第二次辩论中，尹总统一方的辩护律师引用了一篇右翼媒体《Sky Daily》的报道，声称“戒严日当天，韩国中央选举委员会（选管会）培训中心内的90名中国人被押送至 ...全文
5125280315999264,【睡地板、吃泡菜、穿囚服，尹锡悦再次被“抄家”，特朗普无情嘲讽】睡地板、吃泡菜、穿囚服，尹锡悦再次被“抄家”，特朗普无情嘲讽。尹锡悦在看守所的待遇如何，目前事件有哪些最新动向？远在大洋彼岸的“盟友”又是如何看待此事呢？#尹锡悦成韩国第一个被捕现职总统##尹锡悦穿囚服拍摄嫌疑人照片# ...全文
5124958018078356,【韩正副主席出席特朗普就职典礼，出乎美国各界预料 - 原创 华山穹剑 2025年01月19日 20:42 北京】  20日，美国当选总统特朗普将迎来他的大日子——总统就职典礼，正式“摆驾回宫”。美媒称，特朗普希望将这场典礼打造成“全球盛事”，打破美国传统惯例，邀请了多国领导人和政要出席。  按照美媒披露的 ...全文
5124915003134154,【与韩国总统尹锡悦支持率飙升形成鲜明对比，最大在野党共同民主党及其支持势力正在走向败落。】1月20日，综合多家外媒报道——去年12月3日尹锡悦总统发布“紧急戒严令”的骚动已经持续了一个半月，韩国政坛也跟着混乱了40多天。目前，韩国社会在严重撕裂和不安中迎来了诸多变化，其中最明显的动向是舆 ...全文
5124832794513818,【今日#热点新闻一览#】  1、近日，中共中央、国务院印发《教育强国建设规划纲要（2024—2035年）》，提出到2027年，教育强国建设取得重要阶段性成效。到2035年，建成教育强国。  2、据中国载人航天工程办公室消息，神舟十九号航天员乘组将于近日择机实施第二次出舱活动。  3、近日，中国人民银行、中 ...全文
5124806380622254,【财联社1月20日#早间新闻精选#】 1、1月17日晚，国家主席习近平应约同美国当选总统特朗普通电话。习近平强调，中美两国间拥有广泛共同利益和广阔合作空间，可以成为伙伴和朋友，相互成就，共同繁荣，造福两国，惠及世界。 习近平指出，作为两个国情不同的大国，中美之间难免会有一些分歧，关键是要尊 ...全文
5124795995783297,【#尹锡悦拘留生活开启#：吃泡菜睡地上】#尹锡悦吃泡菜睡地上#据环球网报道：19日凌晨，韩国首尔西部地方法院批准对被逮捕总统尹锡悦的拘留令。韩联社称，距离尹锡悦宣布紧急戒严已过去47天，他成为韩国宪政史上首位以现任总统身份接受拘留调查的总统。当天，尹锡悦支持者冲击了法院，破坏了门窗玻璃， ...全文
5124794905526466,#尹锡悦拘留生活开启##尹锡悦被爆在拘留所吃泡菜睡地上# 【住十平米房间，吃泡菜睡地上，尹锡悦“拘留生活”开启，后续可能面临起诉和审判】19日凌晨，韩国首尔西部地方法院批准对被逮捕总统尹锡悦的拘留令。韩联社称，距离尹锡悦宣布紧急戒严已过去47天，他成为韩国宪政史上首位以现任总统身份接受拘 ...全文
5124770654060594,【资讯早茶丨中央网信办出手整治春节网络环境！重点整治挑起极端对立等六大问题】  今天是2025年1月20日，星期一。#资讯早茶# 告诉您，有哪些值得关注的大事：  1.中央网信办决定自1月19日起开展为期1个月的“清朗·2025年春节网络环境整治”专项行动，重点整治6方面的问题，包括：挑起极端对立问题、炮 ...全文
5144029395158362,发布了头条文章：《弹劾案宣判临近，尹锡悦会不会成为“朴槿惠第二”？》  弹劾案宣判临近，尹锡悦会不会成为“朴槿惠第二”？ 
5143780119546514,韩国🇰🇷：呵呵！ 
5144011505403498,【尹锡悦弹劾案延宕 当事方均吁宪院尽早宣判】#韩国时局#韩国总统尹锡悦弹劾案宣判最快也要等到下周出炉。由此，尹锡悦案刷新历任总统弹劾案中宣判耗时最长的纪录。在此情况下，国会和尹锡悦方面都呼吁宪法裁判所（宪法法院）迅速对该案进行宣判..网页链接 
5143999145576350,大国之战——大国战争和背刺关系  2024年11月27-12月8日 叙利亚阿萨德政府倒台 2024年12月3日 韩国尹锡悦紧急戒严失败 这两个变局跟美国民主党大选失败反扑有关系 当然 跟美俄秘密政治交易和战争交易也有关系    叙利亚变局…叙利亚混战 韩国变局 …韩国内斗 必将影响中东战争和半岛战争的时间线  俄美 ...全文
5143701069237345,一周后是尹锡悦弹劾案最终裁决。算盘打得很好。但还是国内更方便，直接装死就行了。
5143507169971335,#母亲曝金赛纶被催款细节#  #大律所三位律师给金赛纶下催款函#  金赛纶母亲说：金赛纶收到催款函，看了之后吓到浑身发抖~ 今晚的连线中，金赛纶母亲说，金秀贤所在的Gold Medalist公司（亦是金赛纶前公司）向金赛纶发出了催款函，是由韩国颇有名气的 L.K.B &amp; Partners 律师事务所代理，并派出了该所的 ...全文
5143735113354143,【尹锡悦倒台成定局？韩国警方已经戒严，亲华的李在明或成最大赢家】  韩国总统尹锡悦已经获释，虽然他依旧官司缠身，但人身是自由的，目前韩国警方已经戒严，防范尹锡悦的支持者聚集闹事。尹锡悦的弹劾案究竟会如何收场，目前还没有定论，但韩国国内民众已经不再相信他，下一届总统似乎已经呼之欲出了 ...全文
5143851594683122,《尹锡悦、泽连斯基和马科斯何其相似乃尔，为他们的命运捏把冷汗》尹锡悦、泽连斯基和马科斯，看似风马牛不相及的三个人，但他们治国理政的理念何其相似乃尔，而且都甘当美国的马前卒。网页链接 
5143786164060858,油管横竖研究所作为尹锡悦的铁粉右翼频道 现在总统弹劾案结果公布前一周爆料 爆料途中多次发布明面上直接支持尹的视频 肯定是有他自己的小算盘的  我甚至怀疑 金秀贤这个“下周回复”已经是一个和横竖研究所勾兑过后的结果 ——“下周我来为你的总统吸引火力 你也就差不多放过我了吧”  金秀贤说有证据 ...全文
5143687521374339,#韩国在野党削发绝食呼吁弹劾尹锡悦#人类堕落了，一点革命精神都没有了，以为剃个头就是革命，剃个头还搞得很悲壮，自我感动。  小资产阶级的软弱性暴露无遗。 
5143709365570154,韩国能搞点本土泡菜玄学吗，放我们这算九族消消乐。 
5143820094411140,【#专家分析尹锡悦获释后弹劾案走向#：罢免可能性大，或加剧分裂】3月13日，韩国宪法法院驳回针对韩国监察院院长、检方官员的弹劾案，相关人员恢复职权。该法院关于总统尹锡悦弹劾案的内部评议还在持续进行中，预计将在未来一至两周内宣布结果。有专家向南都记者分析指出，因为违宪事实明确，尹锡悦被 ...全文
5143163358676337,尹锡悦获释，数名在野党议员为表抗议，公开削发明志。 
5143797311474866,"我分享了【尹锡悦弹劾案宣判结果本周出炉，韩国网上已出现非法赌局】, 快来看吧！@小米浏览器 |  ...全文"
5143719992886820,8：0 判在野党乱弹劾  
5143756195233804,【韩宪院搁置案件告一段落 尹锡悦案或即将宣判】#韩国时局# 韩国宪法裁判所（宪法法院）形成“8名法官”阵容之后加快处理重要搁置案件，总统尹锡悦和国务总理韩悳洙弹劾案的判决结果有望在不久后出炉..网页链接 
5143752507133050,【韩检方维持对释放#尹锡悦#决定放弃**立场】#韩国时局#韩国大检察厅（最高检察院）13日发布立场文件表示，检方对法院批准总统尹锡悦撤销逮捕申请的决定放弃... 网页链接 
5143749609918299,【民调：韩过半民众支持罢免尹锡悦】韩国四大民调机构13日发布的一份关于总统尹锡悦弹劾案的民调结果显示，支持罢免尹锡悦的受访者占55%，反对的受访者占39%。网页链接 #韩国时局##尹锡悦##弹劾# 
5143740483900593,【#韩美启动自由之盾联合军演#之际 首尔抗议声不断】首尔示威要求弹劾 “战争贩子 ”前总统尹锡悦，抨击韩美演习，以及谴责以色列。  韩美正式启动了代号为“自由之盾”的年度例行联合军演，为期11天。然而，这场军演却在抗议声中展开。  韩国空军10日发布了6日发生的演习战机误炸事故初步调查结果，并 ...全文
5143738659110993,尹锡悦获释重返总统府后，李在明突然收到死亡威胁。韩国政坛内斗持续升级，右翼群体试图将中国给拖下水，他们的真正目的又是什么？#微博新知# 路路观察的微博视频 
5143664420196550,我有一个预感，这几天金秀贤逼死金赛纶的事情闹得沸沸扬扬，韩国可能会借着金秀贤转移注意力，趁机赶紧宣判尹锡悦弹劾案。 
5143703140697851,#韩监察院长及检方人员弹劾案被驳回#【#尹锡悦弹劾案最快下周宣判# 《八声甘州·韩国宪政》】  叹青冥谁裂玉壶冰，惊飙起层霄。算乌台横案，黄麻罢相，白简飞谣。二十载间宦海，翻覆几波涛。独有南山月，长照官曹。 闻道弹章初罢，又重帘深处，烛影高烧。问金瓯何缺，剑气未全销。待明朝、宪庭决断，怕 ...全文
5143526245930040,【#金赛纶收到的律师函内容为立刻还款# 】#金秀贤方请3个律师发函催债#据韩国YouTube频道《横竖研究所》12日第三次披露已故演员金赛纶债务纠纷内幕，公开两则重磅证据：疑似金秀贤服役期间撰写的亲笔信件，以及经纪公司Gold Medalist追讨6.8亿韩元（约合人民币360万元）的正式催款文件内容显示为“立刻 ...全文
5143457967113278,韩国人是手指切完了吗 
5143486480258721,【韩媒：#韩国在野党削发绝食呼吁弹劾尹锡悦#】3月11日，据《韩国先驱报》报道，韩国最大在野党共同民主党正全力推动对总统尹锡悦的弹劾，部分议员以绝食和剃发方式表达抗议，敦促宪法法院支持弹劾。    自法院8日释放尹锡悦后，共同民主党进入“不间断抗议”模式，每天在首尔市中心举行集会。该党议员 ...全文
5143694940313146,【新闻分析】韩检方将就应就法院取消拘留尹锡悦提起抗告的大法官建议召开指挥部门会议 : 韩民族日报  网页链接 韩国法院行政处长(大法官)千大烨12日在国会法制司法委员会会议上表示，“检方需在14日前就法院取消拘留总统尹锡悦的裁定提起抗告”，将问题抛给了检方，而大检察厅也表明，“正 ...全文
5143694735573226,韩法院行政处长：检方有必要就法院取消拘留尹锡悦在14日前提起抗告 : 韩民族日报  网页链接 韩国法院行政处长(大法官)千大烨表示，检方有必要就法院取消拘留总统尹锡悦的裁定提起抗告，接受上级法院的判断。大检察厅表示，正在就(千大烨发言相关的)法制司法委员会的情况进行研讨。  千大烨 ...全文
5143687354122680,【#崔载海恢复职权# 韩国宪法法院驳回监察院院长弹劾案】据央视新闻报道，当地时间3月13日上午，韩国宪法法院就韩国国会发起的针对韩国监察院院长崔载海的弹劾案进行宣判，法院驳回弹劾案，崔载海恢复职权。 韩国国会于去年12月5日向宪法法院提交相关弹劾案，在弹劾理由中，国会认为监察院院长崔载海在 ...全文
5143685180426375,【#尹锡悦弹劾案宣判在即#】针对韩国总统尹锡悦的弹劾宣判在即，负责审判的韩国宪法法院周遭充斥着紧张的氛围。13日，韩国国土交通部发布航行通告，宣布从当天0时起至19日晚上23点59分，宪法法院周围约1.85公里范围内被规定为临时禁飞区，紧急救援航班被排除在此项之外。此举是为防止法院宣布弹劾案结 ...全文
5143681465846601,【#金秀贤方曾启用总统御用律所为发函催债#】 #金秀贤将亲自回应##金秀贤超绝变脸# 据韩国YouTube频道《横竖研究所》12日第三次披露已故演员金赛纶债务纠纷内幕，公开两则重磅证据：疑似金秀贤服役期间撰写的亲笔信件，以及经纪公司Gold Medalist追讨6.8亿韩元（约合人民币360万元）的正式催款文件内容 ...全文
5143677094854895,L.K.B&amp;Partners事务所由在法院、检察机关具有长期执业经验的律师组成，在尹锡悦弹劾案中作为国会方辩护人团，律所代表이광범（李光范）是前大法官弟弟，持进步倾向，担任过大量左翼政治人物案件辩护人，也是前京畿道知事李在明的辩护人。和d社政治光谱一样，金牌娱乐（金秀贤）也是同侧，所以代理诉讼
5143675543489744,【毛开云】关注国际新闻的人肯定发现，有三个人最近的举动何其相似乃尔：一个是韩国被停职总统尹锡悦，一个网页链接 
5143672161566959,发布了头条文章：《尹锡悦、泽连斯基和马科斯何其相似乃尔，为他们的命运捏把冷汗》 #普京称要彻底夺回库尔斯克地区# #俄称已夺回86%库尔斯克州领土#  尹锡悦、泽连斯基和马科斯何其相似乃尔，为他们的命运捏把冷汗 
5143658828925910,要警惕美国在韩国菲律宾的冒险试探 韩国和菲律宾的动态已经极不正常，韩国总统尹锡悦菲律宾总统马科斯的操作很有挑战性，中国要公开推演造势，不能用台海错位应对，不能回避中美大战，军事专家应该公开预案在美韩美菲军事同盟的情况下毁灭韩国和菲律宾，反向试探美国反应，重要的是统一台湾并没有一些 ...全文
5143652071899496,韩国民主党议员全真淑、朴弘培、金文洙（左起）正在国会上要求罢免尹锡悦。 韩国最大在野党共同民主党开始了全方位场外斗争。要求弹劾尹锡悦的静坐示威场所当天从国会罗坦达大厅转移到了光化门广场。 
5143462757010182,#美能源部或将韩国列入敏感国家名单#美国能源部一记&quot;敏感国家&quot;大棒砸下，韩国政坛瞬间炸锅！据韩媒爆料，美国计划自4月15日起将韩国列入特殊名单，届时韩国科学家想参与美国核能、AI等尖端研究，都得扒层皮走特审程序。更讽刺的是，青瓦台至今没收到华盛顿的正式通知，只能灰头土脸地四处打听——说好 ...全文
5143447472178497,【#韩议员称若尹锡悦弹劾被驳回将绝食#】据韩联社报道，韩国执政党国民力量党议员金相旭表示，“如果（尹锡悦）弹劾案哪怕只有万分之一的概率被驳回，我就会在国会绝食而死。”他接着表示，“一个具有正常法律常识的法官，自然会一致通过弹劾。”“这也是拯救这个国家的判决。”现代快报的微博视频 
5143441932289629,【#韩国反对党议员削发绝食要求罢免尹锡悦#】3月11日表示，韩国共同民主党、祖国革新党、进步党等主要反对党议员对记者表示，他们将进行绝食抗议，要求法院尽快罢免于8日获释的尹锡悦。报道称，这些反对党议员说，“尹锡悦必须回到监狱里去”，并呼吁法院“立即逮捕叛乱策划者尹锡悦”。他们还要求下令 ...全文
5143439550976299,尹锡悦虽被释放，还难逃被弹劾，有人力挺朴槿惠出来选总统可能 照理说事的微博视频 
5143422550412792,#听见微博# #微博声浪计划# *想了解更多尹锡悦相关法律问题，欢迎收听： 24 【全面梳理】尹锡悦“戒严·内乱·弹劾”案相关司法问题一网打尽 28 逮捕尹锡悦的公搜处为何敌不过总统警卫处？代总统是不是韩国总统？ 30 法律解读：政治煽动可以拯救已经换上了囚服的尹锡悦吗？ -聊天的人- Phil Chang（ID： ...全文
5143413638562429,发布了头条文章：《特朗普，奥巴马、尹锡悦等总统领衔 盘点涉足XR领域的大人物》VRAR增强现实#特朗普#元宇宙 特朗普，奥巴马、尹锡悦等总统领衔 盘点涉足XR领域的大人物 
5143361379894991,【#韩国反对党议员削发绝食要求罢免尹锡悦#】3月11日表示，韩国共同民主党、祖国革新党、进步党等主要反对党议员对记者表示，他们将进行绝食抗议，要求法院尽快罢免于8日获释的尹锡悦。报道称，这些反对党议员说，“尹锡悦必须回到监狱里去”，并呼吁法院“立即逮捕叛乱策划者尹锡悦”。他们还要求下令 ...全文
5143323124699859,【韩国总统尹锡悦被爆曾在大选前亲自与（邪/教）新天地接触】  尹锡悦总统在作为国民的力量党大选候选人时期，与“新天地”教主李万熙的亲信接触的事实被曝光，引发了对其背景的关注。  在2022年第20届大选期间，尹锡悦曾因依赖巫俗的争议和“新天地支持说”而备受困扰。当时，尹锡悦曾积极反驳“新天 ...全文
5143334213914407,【杜特尔特被捕真相揭开！香港三天布下生si局，马科斯掉进大坑！  “杀了我吧！”杜特尔特机场怒吼，菲律宾天塌了！ 2025年3月11日，菲律宾马尼拉国际机场，一场全球瞩目的“政治猎杀”上演。   刚结束香港之行的前总统杜特尔特，刚下飞机就被7000名警察包围。 面对逮捕令，他冷笑一声：“你们不如杀了 ...全文
5143313984784020,【尹锡悦平安走出拘留所，一度情绪失控哽咽，用4个字形容关押生活】 #尹锡悦##烽火问鼎计划#  经历了50多天的拘留所生活后，尹锡悦终于重获自由身。据环球网援引韩媒消息报道称，尹锡悦平安返回了总统官邸，在路上看到大批支持者，他一度情绪失控哽咽。 田柳Talk的微博视频 
5143308020482514,3月7日，韩国首尔中央地方法院以“程序瑕疵”为由，宣布取消对现总统尹锡悦的拘留决定。尽管这一裁决并未让尹锡悦立即获释，检方仍可抗诉，但这场法律斗争的阶段性胜利，已让韩国政坛的生死博弈，再次入白热化阶段。 尹锡悦平安逃离拘留所，只要让他躲过这一劫，下一个就轮到李在明 
5143296864944868,总统的悲歌！青瓦台魔咒究竟是什么？朴槿惠、文在寅、卢武铉、尹锡悦 一个话家的微博视频 
5143186549246273,总统的悲歌！青瓦台魔咒究竟是什么？朴槿惠、文在寅、卢武铉、尹锡悦 一个话家的微博视频 
5143148783734558,【视频】韩国总统尹锡悦的弹劾结果预计本周宣判。首都首尔街头风声鹤唳，支持弹劾的民众发起绝食抗议，要求尹锡悦下台。反对弹劾的一方则举行剃发仪式，呼吁让总统复职。 网页链接  #8worldnews##8视界新闻网# 
5143073568591716,【#金赛纶生前求助金秀贤短信曝光#】11日，韩国“横竖研究所”发表文章称：“因为厚颜无耻的金秀贤，今天也不得不再次曝光金秀贤。”本来他的频道一直是准备直播尹锡悦相关事件，突然开始准备在当地时间晚6点直播更多金赛纶金秀贤相关事件。 直播预告的贴图，是金赛纶生前给金秀贤发的短信，文中她说道 ...全文
5143051518347061,#微博新知# 韩国总统尹锡悦突然获释，他距离反败为胜还有多远？关于韩国政坛地震，中方为何有句话不得不讲？ 吴学兰的微博视频 
5143041431046989,【2025年3月11日#韩联社要闻简报#】 ▲韩宪院先宣判监查院长弹劾案 尹锡悦案或被耽误▲韩美两军实施联合空中突击演习网页链接 
5143023219116449,【#尹锡悦弹劾案将宣判警方考虑严管枪支#】韩国宪法法院3月11日表示，将于13日上午10时对监查院院长崔载海弹劾案，以及首尔中央地方检察厅厅长李昌洙等3名检察官的弹劾案进行宣判。报道称，这可能影响尹锡悦弹劾案宣判，判决结果最早可能下周出炉。此前分析认为，宪法法院最早可能于14日前后，就尹锡悦 ...全文
5142585039654928,尹锡悦获释，尹锡悦支持者造谣是中国让尹锡悦干的这些事，都是中国造成的。引发中国驻韩使馆不满。中方发言人：编小说也不能这样编 紫金山上听风吟的微博视频 
5142667818434706,突发！朝鲜又双叒叕搞事情！导弹射向西部海域，韩方急得跳脚！  今儿一大早（3月10日），韩国军方突然发话：朝鲜往半岛西边海域哐哐射了好几枚导弹！具体型号还没整明白，但朝方到现在连个屁都没放。这波操作可把韩国整得够呛，立马拉上美日开小会共享情报，日本也慌得赶紧监测动态。  其实这也不是朝 ...全文
5142669748079713,杜鲁多盲从美国遭反噬下台 加拿大新总理什么来头?尹锡悦获释 弹劾案终极判决将至  #加拿大候任总理连说三句特朗普##加拿大新总理什么来头##加拿大称将继续对美征收报复性关税#  @微博热点 @新浪新闻 @微博香港 @微博政务 @微博新知 @香港网红工会 香港高Sir高松杰的微博视频 
5142654511483979,内乱罪被告人尹锡悦将在不拘留状态下接受审判……每到关键时刻都有可能煽动极右派 : 韩民族日报 #尹锡悦被捕52天后获释#  网页链接 韩国检方最终决定接受法院决定，释放总统尹锡悦。法院日前批准了尹锡悦的取消拘留申请。检方还讨论了是否就法院的该决定立即进行抗诉，但在违宪、违法争议 ...全文
5142653575627781,【韩国朝野就尹锡悦被捕和获释法律流程互讦】韩国法院日前批准总统尹锡悦的撤销逮捕措施申请后，检方放弃抗告并释放尹锡悦。由此，韩国朝野分别主张尹锡悦被捕和获释的过程存在法律瑕疵，并各自检举两大司法部门首长。网页链接 #韩国时局##弹劾案##尹锡悦获释# 
5142611968393722,【#尹锡悦弹劾案宣判在即# 韩国拟部署超万名警力】韩国宪法法院预计将于本月中旬、对尹锡悦总统弹劾案作出裁决。韩国警方9日说，将在宣判当天和前一天部署超过万名警力、加强警戒。按照韩国媒体的说法，如此规模的安保措施在韩国“前所未有”。 第一时间的微博视频 
5142608208988359,【#尹锡悦弹劾案宣判或于3月14日前后进行#】据韩国媒体3月9日报道，有推测认为，韩国宪法法院最早可能于3月14日前后，就尹锡悦弹劾案作出宣判。韩国警方9日说，将在宣判当天和前一天部署上万警力加强警戒。按媒体说法，如此规模的安保措施在韩国“前所未有”。 看看新闻KNEWS的微博视频 
5142581654847592,【韩检察总长：检方基于合法原则释放尹锡悦】韩国检察总长（最高检察院检察长）沈雨廷10日表示，检方对法院批准总统尹锡悦提出的撤销逮捕措施申请不提出抗告，是基于合法程序和原则做出的决定。网页链接 #韩国时局##尹锡悦获释# 
5142575348187927,【尹锡悦获释&quot;意外的幸运&quot; 文在寅书店发帖秒删】综合多家媒体10日报道，韩国前总统文在寅卸任后经营的平山书房8日在Facebook官方账号上发布一则帖文：“意外的幸运会降临到什么样的人身上呢？意外的喜悦又会降临到什么样的人身上呢？大概是努力做事的人吧？”    据悉，该帖文旨在欢迎第1万位到 ...全文
5142253152764585,【#尹锡悦获释后约10万人在首尔集会#】#约10万民众在首尔市中心集会# 3月9日，韩国总统尹锡悦获释后其支持者与反对者在首尔市中心举行大规模集会。据报道，尹锡悦的反对者组织在政府首尔办公室前召开紧急新闻发布会，宣布开启“敦促罢免尹锡悦紧急行动周”。该组织申报称，当日将有大约10万人游行，一 ...全文
5142558071590016,【财联社3月10日#早间新闻精选#】 1、国家统计局数据显示，中国2月CPI环比下降0.2%，同比下降0.7%；PPI环比下降0.1%，同比下降2.2%。国家统计局解读称，这主要是受春节错月、假期和部分国际大宗商品价格波动等因素影响。 2、国务院关税税则委员会发布公告，自3月20日起，对原产于加拿大的菜子油、油渣 ...全文
5141975213279967,#尹锡悦走出拘留所挥手致意#【尹锡悦被释放，离开首尔拘留所，现场画面曝光】#尹锡悦离开拘留所画面# 据CCTV国际时讯报道，韩国大检察厅今天（3月8日）对首尔中央地方法院此前一天“取消拘留总统尹锡悦”的判决放弃抗诉。当地时间今天下午17点48分左右，北京时间16点48分左右，尹锡悦被释放，从首尔拘 ...全文
5142254860374985,【多个团体预告：尹锡悦获释第二天，首尔10万民众集会游行】据韩联社报道，当地时间3月9日，大批尹锡悦的支持者和反对者将在首尔市中心集会游行。此前一天，尹锡悦“出人意料”地被释放。  韩国警方当地时间9日表示，由保守派活动人士、牧师全光勋领导的韩国“爱心第一教会”计划将于当日上午11点在首 ...全文
5142222619804089,天然珠宝#日韩专题#  激情画面：#尹锡悦获释走出拘留所 支持者夹道欢呼#   韩国首尔中//央地方法/院周五（3月7日）批准总统尹锡悦提出的撤销拘留申请后，尹锡悦会否获立即释放，视乎检方会否上诉。韩联社3月8日报道，韩国检方决定不上诉，尹锡悦之后获释，步行离开首尔拘留所，结束52天羁押生 ...全文
5142041973753953,中国干嘛打东风给美国人看？  就是要亮出实力让美国看看，别干傻事， 美国选举这种不靠谱的制度，选出大傻逼的可能性太高了，尹锡悦、泽连、安倍，这都是选出来的大傻逼。  另外，中国军力投射绝不止于夏威夷，美国东西海岸都会有澳洲人的待遇！ 行哥精选的微博视频 
5142198716206666,【今日#热点新闻一览#】  1、国务院关税税则委员会8日发布公告，自3月20日起，对原产于加拿大的菜子油、油渣饼、豌豆加征100%关税；对原产于加拿大的水产品、猪肉加征25%关税。  2、市场监管总局3月8日公布数据显示，总量上，女性创业投资比例稳定增长。截至2024年底，我国女性参与投资的民营法人企业 ...全文
5142094085360353,大国之战——俄乌战争和半岛战争   从目前的局势来看 俄乌战争和半岛战争将会形成两线作战 里面存在美俄秘密政治交易和战争交易的成份  当然也包括中东战争在内 美俄瓜分中东 叙利亚  美国想通过加沙停火和黎巴嫩停火 以及中东变局……伊朗变局……叙利亚变局 帮助以色列实现大以色列计划  特朗普想通 ...全文
5142003106713223,#尹锡悦被捕52天后获释#  因涉嫌带头发动内乱而被逮捕起诉的韩国总统尹锡悦7日获释。  韩国检方8日向首尔看守所发送总统尹锡悦释放指令，尹锡悦将离开看守所返回家中。这距法院前一天批准撤销尹锡悦逮捕措施申请已过27个小时。  检方戒严事件特别侦查本部当天表示，已向首尔看守所下达了释放指令。尹锡 ...全文
5142049377226765,【尹锡悦逃出生天？ 向邻居泼脏水，太恶劣！ 下场如何？一周后见分晓！】#尹锡悦被释放能就此逃出生天吗#北京时间8日傍晚，被捕52天的韩国总统尹锡悦被释放。有人问：他搞戒严失败，涉嫌内乱罪，如今就这么逃出生天，重新执掌大权了？真相是什么？尹锡悦不断“甩锅中国”的策略，为何连前总统文在寅都 ...全文
5141966451114354,#尹锡悦被捕52天后获释#【#尹锡悦走出拘留所#】#尹锡悦离开首尔拘留所#，向在拘留所门口的支持者鞠躬表示感谢。据悉，即便尹锡悦被释放，他也将在非拘押状态下继续接受案件审理，包括弹劾案和涉及内乱罪的刑事案件。他的获释不影响法庭审理。（总台记者张昀）网页链接 ...全文
5142012313208574,尹锡悦获释，向支持者致意。 
5142037146377029,微博是真的有意思。 
5142042640650084,新闻今日谈：尹锡悦突然获释，他迎来峰回路转了吗？ 一个话家的微博视频 
5141982611507130,#尹锡悦将返回总统官邸#   尹锡悦被关押这段时间，金建希一直在总统官邸，好像没有去探望， 韩国媒体报道尹锡悦还很失望。不知道回去之后他们如何面对面。图三是金建希为尹锡悦求的法事。 
5141982213047287,#尹锡悦将返回总统官邸#韩国这总统真没什么意思，干不干的也没有什么必要，太吓人了！ 苏世山成长价值投资的微博视频 
5141981119907369,#尹锡悦被捕52天后获释# 韩国这事有点虎头蛇尾啊！拖了这么久，结果又放了。之后会不会再抓呢？  韩联社首尔3月8日电。韩国检方8日向首尔看守所发送总统尹锡悦释放指令，尹锡悦将离开看守所返回家中。这距法院前一天批准撤销尹锡悦逮捕措施申请已过27个小时。   ...全文
5141971299469097,#尹锡悦被捕52天后获释#这是韩国zt？为什么被捕啊？第一次见果家元首被抓的 
5141979047661153,尹锡悦被捕52天后获释，韩国检方决定不对法院取消对总统尹锡悦拘留的决定提出上诉，尹锡悦已在星期六（3月8日）离开拘留所，有可能返回汉南洞总统官邸。 每天都不睏的微博视频 
5141977570215233,【#尹锡悦被捕时间线#】据@中国新闻网 报道， 当地时间1月15日10时33分，韩国总统尹锡悦被捕。  当地时间1月17日，韩国高级公职人员犯罪调查处（简称公调处）以涉嫌“发动内乱、滥用职权”向首尔西部地方法院申请对尹锡悦的拘留令。  当地时间1月19日凌晨，韩国首尔西部地方法院批准拘留令。  当地时间 ...全文
5141974366818436,#尹锡悦获释后发声##尹锡悦向法院表示感谢#【韩媒：尹锡悦获释后发声，向法院表示感谢】韩国首尔中央地方法院7日通过了针对韩国总统尹锡悦的取消拘留请求。据韩联社8日最新报道，尹锡悦就法院“纠正违法行为”的勇气和决心表示感谢。 
5141972860801378,【#尹锡悦被捕52天后获释#】总台记者获悉，当地时间3月8日，韩国总统尹锡悦被释放，离开首尔拘留所。自2025年1月15日尹锡悦被逮捕至今日上午，已满52天。  据悉，即便尹锡悦被释放，他也将在非拘押状态下继续接受案件审理，包括弹劾案和涉及内乱罪的刑事案件。他的获释不影响法庭审理。   ...全文
5141970280515389,#尹锡悦被捕52天后获释#。尹锡悦为何突然被释放？一起听听是什么原因。 话说尹锡悦能够再走出来，迎接的人都举着韩国和美国的旗子在欢呼呐喊，可见美国从中也搞了不少名堂。 李在明这下有点悬了，已经是最后的一搏了，毕竟尹锡悦现在不能行使总统职权，还要等待最终判决。这个时候，李在明再不狠下心来 ...全文
5141672029324611,天然珠宝#日韩专题##韩国法院批准释放尹锡悦#  已经遭关押51天的韩国总统尹锡悦今（7）日获释，韩国首尔中//央地方法//院批准了尹锡悦法律团队请求的拘留取消申请。尹锡悦因短暂宣布戒//严，今年1月中旬被控涉嫌叛乱而被捕。  韩国总统尹锡悦被关押51天 首尔地院裁定释放 韩国联合通讯社报导， ...全文
5141983102767161,#尹锡悦将返回总统官邸# 注意力都在小泽司机身上，吃瓜群众差点忘了尹大统领还在拘留所。返回总统官邸是不是意味着又可以发号施令了，李在明那帮人是不是又要吃苦头了？你方唱罢我登场，冤冤相报何时了，这种国家体制真没推广的价值。 
5141983284432119,【韩媒：尹锡悦被释放，韩国执政党国民力量党表示欢迎】据韩联社8日最新报道，对于韩国总统尹锡悦被释放，韩国执政党国民力量党表示欢迎。  韩国首尔中央地方法院7日通过了针对尹锡悦的取消拘留请求，尹锡悦获释。据韩联社等媒体8日早些时候报道，尹锡悦被释放，离开拘留所，随后抵达总统官邸。 ...全文
5138257853284724,【42天11场辩论！#尹锡悦弹劾案进入最后时刻#，3月中上旬很关键】韩国被停职总统尹锡悦的弹劾案即将迎来大结局。  据央视新闻报道，韩国宪法法院宣布于当地时间25日下午进行尹锡悦弹劾案最终辩论。终辩结束后，宪法法院将进入内部评议阶段，随后择机宣布弹劾案最终结果。  当天的辩论持续约2小时。尹锡 ...全文
5138251758176168,42天11场辩论！尹锡悦弹劾案进入“最后时刻”，3月中上旬很关键 42天11场辩论！尹锡悦弹劾案进入“最后时刻”，3月中上旬很关键 
5137991997590276,这两条有几个韩国的新闻， 一个是 韩国科技评估与规划研究院发布的一份调查报告指出，韩国绝大多数的半导体技术已经被中国赶超。 然后韩国SBS又搞了一个关于中国机器人的报道。  韩国网友几乎都是癫狂状态。 就韩国情况，几十年一直在贬低中国技术，这几年眼看着就过来，半导体是他们唯一可以自持的， ...全文
5138228634977071,【#尹锡悦在弹劾案辩论中发表最终陈述#】当地时间25日，尹锡悦在韩国宪法法院弹劾案庭审第十一场公开辩论中发表最终陈述，他不是首位在弹劾案庭审中亲自发表最终陈述的总统。他在最终陈述中首先向韩国国民表达了歉意和感激，同时指出，自己宣布紧急戒严是“以戒严的形式向国民发出的呼吁”“是为了表明 ...全文
5138218588570412,#尹锡悦弹劾案马拉松辩论结束#【一文梳理|#尹锡悦弹劾案控辩双方11次交锋# 】当地时间2月25日14时，韩国宪法法院举行总统尹锡悦弹劾案庭审第11场公开辩论，这也是弹劾案庭审的最后一场公开辩论。  辩论历时8个多小时，控辩双方围绕尹锡悦宣布紧急戒严是否合法展开激烈攻防战。  国会方面认为，尹锡悦“ ...全文
5138214868487129,哇哦哇哦，这就是上位者的严格吗？#韩综# #尹锡悦# #娱乐评论大赏#   （注：因为原文有4个话题标签，根据规则9，去掉了超出的1个话题标签“昭宥”。） 开挂的大神的微博视频 
5138209202504863,西安电子科技大学#西电黄历#  2025年2月26日 星期三 第二周 0～16℃ 多云 今日新闻 ①西安机场博物馆2月26日开放 ②第十二届亚洲自助售货及智慧零售博览会开幕 昨日大事 ①联合国安理会通过美国涉乌决议 ②尹锡悦弹劾案最终辩论举行 
5138199953801877,2月25日，韩国宪法法院进行了尹锡悦弹劾案的最后一轮辩论，将在2周内作出裁决。目前有52%的民众支持弹劾，超过反对的声音。 辩论会上，尹锡悦为自己做了辩护，并向韩国国民道歉，然而尹锡悦坚称发布紧急戒严令只是为了警告反对派，道歉也不是因为发布戒严令而是因为被弹劾期间无法履行总统职务。可见尹 ...全文
5138192659383182,2025年2月26日（乙巳年年正月廿九）星期三 早简报： -.25日，赵乐际委员长同蒙古国国家大呼拉尔主 席阿玛尔巴伊斯格楞举行会谈。 -.25日，国家卫健委和疾控局发布紧急提示：土拨鼠也能传播鼠疫，再萌也不要与其亲密接触。 -.25日，韩国忠清南道天安市高速公路工地发生垮塌事故，造成4死5重伤1轻伤，2名 ...全文
5138186289283570,#你要撑住马上就可以到中国抢救了#《新闻早报（2389期）》 1、《国家突发事件总体应急预案》发布。 2、商务部回应欧盟第16轮对俄制裁列单中国企业和个人。 3、国务院安委办督办湖南沅陵县水上交通事故。 4、运营时速400公里的高铁列车CR450动车组样车发布。 5、特朗普表示，美乌矿产协议已“非常接近完 ...全文
5138148742922586,鱿鱼游戏吴京张颂文不回应曝顶流曾把女友藏行李箱偷摸见面被家暴16次女子直播带货声生不息传古法匠心香承胡姬花王慧玲封号胖东来公布员工结婚执行标准孙颖莎周边王楚钦和许昕儿子合照宋雨琦首个内娱红毯孙颖莎代言迪丽热巴今日chill一下广东女子错买断肠草煲汤致中毒身亡田亮我相信我的小棉袄会越来越 ...全文
5137537281033861,【尹锡悦结局基本确定，韩国却将枪口对准中国，李在明已经作出选择】随着又一次辩论的结束，尹锡悦的结局也基本确定，在这个时刻，韩国却将枪口对准中国，而作为下一任总统热门人选的李在明，也做出了选择。那么，如今尹锡悦案件的审理情况如何？李在明的表态又有哪些值得关注的信息？  ...全文
5138093390430707,在中午发歌➕撞了尹锡悦审判案大雾的情况下十一个小时走上日冠，成为2025年第一个空冠曲，全专进日榜前三十，权志龙Kpop1️⃣的水平，音源雾霾不是说说而已权志龙 
5138076654898000,【尹锡悦在弹劾案最终陈述中两次道歉 呼吁国民共同克服危机】韩国总统尹锡悦在宪法法院弹劾案最后一次庭审辩论发表最终陈述，指自己宣布紧急戒严是要向国民发出呼吁，表明国家处于亡国危机之中，希望国民能够共同克服危机。 网页链接  图：法新社  #8worldnews##8视界新闻网# 
5138072686822517,#量化对冲基金#韩国总统尹锡悦在最终弹劾听证会上发表讲话，誓言若重新执政将进行宪法改革。 加拿大蒙特利尔银行CEO：贸易战带来了不确定性，扰乱了资本的有效配置。看到美国和加拿大的一些客户在资本部署方面采取了更加谨慎的态度。 摩根大通美国国债客户净多头比例升至1月末以来最高 2月25日讯， 摩 ...全文
5137893431706729,【李在明稳了？尹锡悦将迎最终辩论，再添大罪，六成国民望其倒台】李在明稳了？宣判进入倒计时，尹锡悦再添大罪，超六成国民望其倒台。尹锡悦弹劾案有什么最新进展？关于韩国的未来，民间此时又是什么风向呢？#韩国政坛##尹锡悦弹劾案最终辩论##时政热点# 晓今老师的微博视频 
5137513651896714,【#免签使访华韩国旅客激增#上海和青岛等地正成为韩国年轻人优先光顾的旅行目的地】调查显示，去年11月到今年1月期间，前往中国的韩国旅客数量达64万7901人，呈现大幅增加，较2023年11月到2024年1月同期的40万3470人增长了60.6%。这一增长主要得益于中国的免签入境的开放政策。这一政策有效地提高了外 ...全文
5137226041662357,#微博智搜热点创作大赛#从尹锡悦、泽连斯基的结局看菲律宾总统马科斯的宿命。无疑，菲律宾作为大国政治博弈的代理人，一味跟随美国充当美国的马前卒，棋子终归成为弃子。 
5137507425978836,2月20日，韩国总统尹锡悦涉嫌发动内乱的刑事案件审判程序，正式启动。尹锡悦亲自出席了庭前会议，这是韩国宪政史上现任总统首次遭到查处。值得注意的是，自2024年12月3日戒严事件以来，尹锡悦及其支持者屡次试图将责任转嫁给中国，甚至发生了支持者企图闯入中国使馆的极端事件。然而，这些甩锅行为并未 ...全文
5137338457918361,韩国人逃避兵役是有传统的，想尽一切办法逃兵役，很多人不理解尹锡悦，如果他不宣布政变，那么韩国人都必须上战场打金将军了，所以尹少侠不见得会被清算，到时候我们看 
5136760923226684,硅胶娃娃也进入了AI时代，有多种情绪，有记事功能，可以语音问答，知识面广，真人毛发，造型逼真，据说20000左右 感觉给那些不大与外界接触的人挺合适的，比如尹锡悦，可以聊聊天。 
5137235793674439,历届韩国总统主题曲，他们的歌一个比一个好听！尹锡悦全斗焕的BGM适合跑步听，昨天我跑步的时候放这歌，速度立马快了不少。说真的，跑男的灵感是不是来源于此？后来买给浙江卫视，可赚了不少版权费。 马上谈的微博视频 
5137355516412419,#泽连斯基愿为和平放弃总统职位# 比尹锡悦实相多了，主要韩国也没那么多油水让肥普惦记，泽连斯基不听话真要他命，换乌克兰的油水可太值了。这实际上很可能是肥普和泽连斯基演的一出戏，卖国贼的帽子不好戴，泽连斯基演这么一出就不算卖国了嘛。 
5137342703344189,#热点评说# 路透社报道，乌克兰总统泽连斯基2月19日在电视直播记者会上说，特朗普正在重复有关乌克兰局势的错误信息，而这些信息都来源于俄罗斯。他说，关于4%（支持率）的说法，我们已经看到这种虚假信息，并且清楚它来自俄罗斯。特朗普不幸地生活在这样的虚假信息环境中，他周围存在一个虚假信息泡沫 ...全文
5137336130339537,因为弹劾案尹卡卡和尹的支持者为了开罪，到处甩黑锅给🐰走火入魔。   尹卡卡支持者们除了造遥散布🐰介入韩选举说，尹支持者穿🇺🇸队长衣试图闯入🐰大使馆外尹的支持者又开始一个个审视参与尹弹劾案🇰🇷宪法法官的名字，有几个法官的名字拼写让nhr觉得不像他们小西巴人，觉得像🐰人说要 ...全文
5137316115385307,金建希祸水害了自己丈夫，为了保护夫人尹锡悦用非常手段戒严令，想逮捕知道夫人丑事不爽的那些人。尹锡悦成了夫人的木偶叫他冒险行事。《尹锡悦败局已定！金建希“直通”短信曝光，增至10次庭审数也徒劳》尹锡悦这位韩国总统，为了保护自己的妻子，可以说是完全不计后果。民意的天平已经明显倾斜，最新 ...全文
5136835112600118,鱿鱼游戏吴京张颂文不回应曝顶流曾把女友藏行李箱偷摸见面被家暴16次女子直播带货声生不息传古法匠心香承胡姬花王慧玲封号胖东来公布员工结婚执行标准孙颖莎周边王楚钦和许昕儿子合照宋雨琦首个内娱红毯孙颖莎代言迪丽热巴今日chill一下广东女子错买断肠草煲汤致中毒身亡田亮我相信我的小棉袄会越来越 ...全文
5136766103455706,【1059听天下】韩国警方昨天披露，就阻挠执行逮捕令，已#对总统尹锡悦以涉嫌妨碍执行特殊公务为由立案#。  韩联社当天报道说，韩国警察厅下属国家调查本部特别调查团已获取尹锡悦此前为阻挠执行逮捕令与总统警卫处次长金成勋互通的文字信息。警方表示，尹锡悦曾于1月3号和7号通过加密聊天软件向金成勋 ...全文
5136745521218720,2025年2月22日（乙巳年年正月廿五）星期六 早简报： -.21日，中美经贸中方牵头人何立峰副总理应约与新任美国财政部长贝森特举行视频通话，双方围绕落实中美元首通话共识，就中美经济领域重要问题深入交换意见。 -.20日二十国集团外长会在南非约翰内斯堡举行，外交部长王毅发言，对乌克兰危机表示：中方 ...全文
5136531671751258,【尹锡悦案，又有新进展！】韩国警方21日披露，就阻挠执行逮捕令，已对总统尹锡悦以涉嫌妨碍执行特殊公务为由立案。#尹锡悦因涉嫌妨碍执行特殊公务被立案#（新华社） 北京日报都视频的微博视频 
5136529334994678,《雪上加霜！尹锡悦涉嫌妨碍特殊公务执行被立案调查》韩国停职总统尹锡悦目前的处境非常艰难，但最新消息是，尹锡悦因涉嫌妨碍特殊公务执行被立案调查。网页链接 
5136527976040208,#量化对冲基金#日本央行行长植田和男：加息至0.5%将使准备金的利息支付增加1万亿日元。 日本首相石破茂对收益率上升可能损害财政表示强烈担忧。 日本首相石破茂：周四与日本央行行长植田和男讨论了债券收益率。 韩国警方：涉嫌妨碍特殊公务执行 对尹锡悦立案调查 2月21日讯，韩国警方紧急戒严特别调查 ...全文
5136518065423238,【2025年2月21日#韩联社要闻简报#】▲尹锡悦曾阻碍警方执行拘留涉妨害公务被立案▲韩国商会代表团访美商讨经济产业合作▲中国电商Temu扩大韩国用户信息收集和使用范围▲民调：韩国朝野两大党支持率分别为34%和40%..网页链接 
5136138106309921,#美俄会谈#美俄谈判当天，朝鲜派人上门，东方盟国应得的好处，一分都不能少  美俄沙特谈判当天，朝中社发布消息称，以朝鲜外交事业总局局长金益晟带队的朝鲜外交使团已经乘飞机从平壤出发，前往俄罗斯访问。  两件事撞在了一起，世界上恐怕没有那么多“巧合”。朝鲜作为俄罗斯阵营的主力之一，也是时候 ...全文
5134456119892419,【韩国舆论戏剧性变化走势下，“尹锡悦总统国民辩护团”于本月13日在首尔清溪广场举行成立仪式。】2月15日，综合《朝鲜日报》《现代商业》等多家韩媒报道——在主旨为“为尹锡悦总统辩护”而聚集在一起的“总统国民辩护团”（简称“国民辩护团”）本月13日下午6时左右在首尔市中区清溪广场举行。聚集在 ...全文
5134403058276013,#李在明称韩无法承受疏远中国的代价#【李在明：疏远中国，代价承受不起】美国《华盛顿邮报》刊发了近日对韩国最大在野党共同民主党党首李在明的专访报道，称其为“韩国可能的下一任领导人”。李在明表示，他欢迎特朗普政府重启与朝鲜对话，并称若取得重大进展，共同民主党甚至会支持特朗普获得诺贝尔和 ...全文
5133931886416107,尹锡悦弹劾案庭审基本进入收尾阶段，今天进行第八次辩论，庭审还是非常热闹的，涉及中国的内容相较于上次庭审，少了很多，但是更让人觉着“搞笑”。  尹锡悦律师说，12月3日戒严主要原因之一是：国会弹劾针对中国间谍进行调查的监察院长。尹锡悦政府任命的监察院长对文在寅政府拖延部署萨德导弹系统进 ...全文
5133605223271031,【韩国春川地方检察厅检察长批评宪法法院不尊重基本程序，对尹锡悦总统的弹劾审理“比自始至终倾听安重根义士主张的日本帝国主义法官更过分”。】2月13日，综合《朝鲜日报》梁恩景、尹钟宪记者的一篇报道——本月12日，春川地方检察厅检察长、54岁的李映林在题为“普罗斯”的检察机关内部网上传了自己 ...全文
5132807909936053,#文在寅称后悔提拔尹锡悦为检察总长#【文在寅：为提拔尹锡悦为检察总长感到后悔不已，对韩国国民感到歉疚】据《韩民族日报》2月10日报道，韩国前总统文在寅在接受该媒体采访时表示，他为自己在任韩国总统期间提拔尹锡悦为检察总长感到后悔不已，“心中对国民的歉意难以言表”。  据报道，文在寅7日在其 ...全文
5132858949895389,【文在寅发声：为提拔尹锡悦“感到后悔不已”，对国民非常抱歉】#文在寅因提拔尹锡悦难以入眠#据《韩民族日报》2月10日报道，韩国前总统文在寅7日受访时表示，他为自己在任总统期间提拔尹锡悦为检察总长感到后悔不已，“心中对国民的歉意难以言表”。  7日下午，文在寅在庆南梁山市平山村的家中接受了 ...全文
5132636878275183,【#文在寅说尹锡悦有妄想症#】#文在寅说戒严后愧疚得睡不着觉# 韩国前总统文在寅2月7日接受《韩民族日报》采访时谈到了任命尹锡悦为检察总长的过程以及目睹戒严和弹劾时的愧疚感。文在寅称，“促成尹锡悦政府的诞生，文在寅政府的人难逃其咎，其中最大的责任在我”。他表示把政权交到这样的人手里，深 ...全文
5130631773687975,【特朗普称朝鲜为“核大国”，鲁比奥称朝鲜为“无赖国家”，金正恩却笑而不言】  2025年2月3日，朝鲜就美国新任国务卿马尔科·安东尼奥·鲁比奥（Marco Antonio Rubio）把朝鲜称为“无赖国家”一事回应说，朝鲜对美国提出“谴责”，美国才是最无赖的国家。  鲁比奥是在1月30日接受采访时发表上述言论的， ...全文
5129719907356411,【从DeepSeek的技术平权里还能得到什么启示？】  DeepSeek其实对于我们中国人来说，还有，对于全世界来说，和对于整个西方国家来说，一开始也就是一个全新的而更有趣的人工智能APP罢了，完全是因为它忽然被发现对美国的人工智能产业产生了巨大威胁，完全是因为美国人被这个新的中国来的人工智能应用吓 ...全文
5128124841066511,【随着韩国进入春节连休，关于尹锡悦涉嫌“内乱罪”的权限引发法律界的争论，多数意见认为现在的程序违法，检察厅将沦为“起诉厅”，移交警察处理为最佳路径。】1月26~29日，综合《朝鲜日报》日文版等多家韩媒报道——针对本月26日韩国检察厅以“内乱主谋”的嫌疑拘留起诉尹锡悦总统，与韩国政界暂时进 ...全文
5127474421694919,【来抽奖啦！#南风窗新刊赠送#】《南风窗》2025年第2期：世界脱序   在“封口费案”法官维持重罪裁定和前总统卡特葬礼持续“降半旗”的阴霾中，特朗普1月20日如期履新，继续推进他和马斯克把北美洲（含加拿大、格林兰岛、巴拿马运河区）和欧洲（含德国、英国、乌克兰）政坛搅得鸡犬不宁的激进议程 ...全文
5132781892406672,【今日#热点新闻一览#】  1、截至10日，《哪吒之魔童闹海》总票房（含预售）突破11.52亿美元，进入全球影史票房榜前30名，也是票房前30名中唯一非好莱坞影片。  2、10日起，马来西亚、印度尼西亚等10个东盟国家旅游团，持普通护照经我国境内旅行社组织接待，可由西双版纳免办签证整团入境出境，停留时 ...全文
5130479050949146,【宪法法院举行的第四次审理弹劾尹锡悦庭审的讯问证人环节，对尹锡悦有利和不利的证言交织走势下，尹锡悦方面向法院递交了要求取消拘留的请求书。】2月4日，综合多家韩媒报道——决定罢免韩国总统尹锡悦的宪法法院的弹劾庭审当日对相关证人进行了传唤。在传唤前首都防卫司令官李镇雨要求其就2024年12月 ...全文
5130103501882754,【春节连休期间釜山车站反对弹劾尹锡悦的示威民众创下最多纪录。】2月3日，综合《朝鲜日报》日文版等韩媒报道——2月1日下午，在釜山东区釜山车站广场举行了反对弹劾尹锡悦总统的民众示威。虽然当时下着大雨，但示威民众依然打着伞、穿着雨衣聚集在一起，几乎找不到落脚的地方。此举被韩媒形容为“第一 ...全文
5127482292570762,大众历史64岁尹锡悦恐面临死刑，韩国首位被起诉的现任总统，但春节或能回家潇洒如风火州人  当地时间1月26日，韩国检察机关以涉嫌“发动内乱”，起诉了现任总统尹锡悦，进而也让他成为了韩国有史以来首位在任期间被起诉的总统。  尹锡悦被冠以了“内乱头目”这样的罪名，而根据韩国法 ...全文
5124580652351889,#尹锡悦在拘留所发声#【暴力事件发生后，尹锡悦呼吁“用和平方式表达意见”】1月19日，尹锡悦成为韩国宪政史上首位任内被批捕的韩国总统。大批尹锡悦的支持者凌晨闯入首尔西部地方法院，对法院内部进行破坏，一些人还与警方发生了冲突。  据《韩民族日报》报道，在冲击法院事件发生后，尹锡悦在拘留所 ...全文
5124406609969443,韩国政坛为什么总感觉到很乱？韩国宪政体制弊端根源在其宪法！ 韩国现行宪法于1987年经公民投票通过，1988年2月25日生效。这部宪法是韩国国民经过长期艰苦卓绝的抗争，结束军人独裁统治实现社会民主的产物。相对于过去的几部宪法，充分体现了民主自由和三权分立等现代民主体制的基本精神，无疑具有 ...全文
5124428744622245,【进观奇辩：2025年元月19日 #思进每日财经新闻解读速览#】#思进每日美股点评# 今天周日，美股继续休市，本想停更一天，不过，还是有些新闻想follow up，那就再简评一下：  首先要说的是 #一周外盘头条# 过去一周，国际局势和市场动态主要围绕贸易政策、政治风波和经济数据展开：  美加贸易摩擦加剧： ...全文
5124158062592517,프레시안: 民主党是否需要成为消除围绕女权主义误解的主体？为什么？  朴志贤: 导致国家陷入如此境地的责任在于国民力量党和尹锡悦，但未来恢复民主的任务，应该由民主党来完成。而届时的责任人将是李在明代表和民主党。如果民主党继续沿用以往的战略而不作出改变，那么女性们会愤怒地质问：“难道我在 ...全文
5123925958728269,被逮捕的尹锡悦总统教会了我们什么。  &quot;反思性阅读&quot;的重要性……一个缺乏思考的领导人有多危险！ 【OhmyNews 的座右铭是“每个公民都是记者”。以公民个人日常生活为素材的“生活故事”也可以成为新闻。您的生活故事可以成为 OhmyNews 的新闻，请告诉我们您的故事。】  ---  尹锡悦总统于15日被捕前发 ...全文
5123704434723679,【控方列举五条罪状，辩方主张“戒严合理”，#尹锡悦弹劾案庭审激烈交锋#】#尹锡悦代理律师团队扩大至14人#据环球时报 在尹锡悦被逮捕一天后，韩国宪法法院于16日举行了尹锡悦弹劾案庭审的第二次辩论，控辩双方围绕该案的法律攻防战正式展开。  据韩国《亚洲日报》16日报道，在第二次庭审前，尹锡悦方 ...全文
5123479791993923,#尹锡悦或被判处重刑# 在小红书上刷了两天美女和红脖子，回过头来简单写一下尹卡卡的事件，他这个结果早在之前就注定了，尽管一度耍赖让逮捕者吃瘪，但对抗注定不会持久，早晚也是这一天。  之前来抓捕尹锡悦的是警察和公搜处，最初来势汹汹，志在必得。毕竟公搜处自己都坦言，这是最后的机会了，不成 ...全文
5123441705354149,#尹锡悦在牢房里能看电视不用穿囚服#尹锡悦终于住上了总统单间！  据说条件还不错，但对现在尹锡悦来说，对吃什么、住什么都不会在意，他在意的只是自己的未来会是什么下场！  尹锡悦主动出席公调处调查，看似是对逮捕令的妥协，实则是政治博弈中的一步险棋。韩国法律虽规定逮捕后只能拘留48小时进行侦 ...全文
5123429154162497,#韩总统官邸警卫员拒当人肉盾牌#【拒绝充当“人肉盾牌”的警卫员们……甚至将钥匙留在“车墙”巴士内】据韩民族日报：15日上午，警方和高级公职人员犯罪调查处(公调处)着手执行对总统尹锡悦的逮捕令时，位于汉南洞的总统官邸前没有人试图阻拦。大多数总统警卫处职员因认为阻止法院签发的逮捕令既没有正 ...全文
5123413100465087,【在首尔拘留所“嫌疑人等候室”关押的尹锡悦总统只能享受面积为3坪的房间待遇。前法务部长官、曾被羁押在同一拘留所的曹国笑话尹锡悦“为何没食欲”的合成照迅速发酵。】1月16日，综合韩联社等多家韩媒报道——随着尹锡悦总统本月15日上午10点30左右在总统官邸被公调处及警方拘留，当日11点~下午9点40 ...全文
5093723201603098,中国 韩国军事实力         韩国总统尹锡悦说：当今世界军事实力比我强的国家，不会超过一只手。         没错，无论是武器数量和装备的先进程度，韩国超过了日本和法国英国。军队人数56万人，还有准军事部队60万人，妥妥的百万大军。         韩国各型战机900架，其中有几百架F15F16，其先进 ...全文
5021306402378260,这是韩国网友分享的视频，他们上街游行抗议尹锡悦，反对尹锡悦政府以战争威胁公民，参与诈骗，操纵食品价格上涨#韩国##抗议# 南归孤夷的微博视频 
5021256073609336,#青年看世界# 【国会选举前夕，韩国“第一夫人消失”】4月10日，韩国第22届国会选举拉开帷幕。在这个关键时刻，常伴总统尹锡悦左右的韩国第一夫人金建希不见了踪影。金建希的消失引起了多国媒体关注，屡次成为头条新闻。英国《独立报》评论称，金建希的消失是韩国版的“王妃失踪”，让人们对韩国政坛更 ...全文
5021378626982771,【#尹锡悦放话韩国要跻身全球三大AI强国# 】据韩联社4月9日报道，韩国总统尹锡悦当天表示，韩国将在2027年之前在人工智能（AI）领域投资9.4万亿韩元（69.4亿美元），作为保持尖端半导体芯片全球领先地位的努力的一部分，力争跻身全球第三大AI强国。  尹锡悦9日在龙山总统府主持召开“半导体工作检查会 ...全文
5021387193061148,稠密那位就算请拜登尹锡悦来当他站姐我都懒得管，本来就没交集也没什么过节，不是很懂怎么每次都要自己主动撩一下找点事干，没事就去找队友粉打好吗 
5021356385632866,【尹锡悦能否扭转“朝小野大”？这场选举很火爆】韩国国会议员选举将于10日拉开帷幕，争夺共计300个国会议席。韩国媒体认为，本次选举是对面临“朝小野大”局面的总统尹锡悦执政近两年来的“中期考核”，直接决定未来四年国会主导权和朝野政党的地位、影响力，也会对下届总统大选潜在候选人产生影响。 ...全文
5021351900876248,让我们看看尹桑下一步准备如何处理 #韩国急救系统濒临崩溃# 
5021341382872310,（下）完蛋，我们被中国电动车包围了！韩国网友细数身边的电动公交车，发现竟然无一例外全都是中国品牌，无奈哀嚎：韩国又被中国征服了...一直批评中国车，结果天天坐着上班...（24年3月韩语译文） 【2024-04-09 译文推荐】需注册登录 1、“为什么81194这个数字对中国人来说很重要？” KB谈当年王伟撞 ...全文
5021261520437792,【医院看不了病，生病了怎么办？憋着吧！#韩国急救系统濒临崩溃#】事情越闹越大！韩医生辞职事件持续发酵，急救中心系统濒临崩溃，尹锡悦焦头烂额！ 尹锡悦：实习医生们，快回来吧！#品茶说酒聊军事# 品茶说酒的微博视频 
5021299506156966,【#尹锡悦#视察非法捕捞中国渔船严打行动现场】韩国总统办公室9日表示，总统尹锡悦当天登舰视察捕蟹旺季非法捕捞中国渔船严打行动现场，并要求海警将国民利益和安全放在首位，予以坚决...网页链接 
5021276607611335,韩国前法务部长官曹国：若在野党阵营获200席，将看到站在法庭上的总统夫人金建希 : 韩民族日报 网页链接 韩国祖国革新党党首曹国于4•10国会议员选举两天前的8日前往京畿和首尔选区展开游说活动，他针对总统尹锡悦和提出“将金浦编入首尔”的国民力量党紧急对策委员长韩东勋提出批评。  曹 ...全文
5021203721619835,【岸田国宾待遇访美，日美同盟又现拐点？】岸田将于4月10日在华盛顿白宫参加欢迎仪式，并与拜登举行会谈。包括此次在内，有记录可查的日本首相以国宾待遇访美只有5例。而且都恰逢日美同盟在经济和国家安保等方面迎来转折点…… 岸田国宾待遇访美，日美同盟又现拐点？ 
5021219033713830,韩国总统尹锡悦表示，韩国不晚于2027年将在AI和相关芯片领域投资9.4万亿韩元。 
5021213174270623,韩国总统尹锡悦4月9日表示，韩国将彻底重新审视吸引芯片投资的激励措施，并准备为该行业提供“大胆支持”。尹锡悦称，到2027年韩国将在人工智能和AI半导体领域投资9.4万亿韩元，并创建一支规模1.4万亿韩元的基金，以帮助创新AI半导体公司的增长。(界面新闻) 
5021189497686383,【韩国迎来选举，尹锡悦最后一搏失败，支持率输在野党，跛脚成定局】 #烽火问鼎计划##国会选举#  最近，尹锡悦在内政外交上干的一团糟，极有可能在国会选举中面临“瘸腿”风险。 田柳Talk的微博视频 
5021179318372376,【#韩国宣布将考虑延迟一年执行医科大学增员计划#】韩国政府4月8日重申，将以开放姿态与医界对话，并宣布将考虑延迟一年执行原定的医科大学增员计划。7日，韩国国务总理接受采访时，就是否会调整医科大学扩招2000人计划的提问表示：“政府坚持医科类院校扩招，不拘泥于数字这一立场，愿同医界持灵活态 ...全文
5019727501462652,韩国总统尹锡悦首次就医改问题与医疗界代表会面，双方立场存在较大差距！ 就是谈崩了呗 #韩国总统首次就医改寻求妥协# 钢七连Unbreakable7的微博视频 
5021168795653331,#韩国急救系统濒临崩溃#【韩国医生“辞职潮”风波持续，急救系统濒临崩溃】据新华社 韩国实习和住院医生因反对医学院扩招计划发起“辞职潮”以来，多家大型医疗中心人手紧张、运转困难，急救系统已处于崩溃边缘。一些急救医生警告，如果僵局无法化解，他们也将加入辞职队伍。  韩国政府2月初宣布2025学 ...全文
5021299627790254,【国会选举前夕，韩国“第一夫人消失”】距离韩国第22届国会议员选举仅剩一天，9日，韩国朝野各党在全国各地拉票做最后的冲刺，以争取选民支持。  据中国青年报报道，在这一关键节点，常伴韩国总统尹锡悦左右的韩国“第一夫人”金建希不见了踪影。其离开公众视线近4个月，这是不同寻常的。  “如果在野 ...全文
5021237459814887,韩国国会选举4月10日开锣，目前进入提前投票阶段，意外地植物京葱成为选举话题。总统尹锡悦3月末到超市视察时称现场葱价合理，引发一场争议，也令京葱变成反对派向他示威、抗议的象征。韩国政府下达“禁葱令”，禁止选民带京葱入票站。  在韩国面临通胀问题之时，尹锡悦3月20日到访首尔一间超市视察食 ...全文
